City_ID,City,Country,Date,Lat,Lng,Max Temp,Humidity,Cloudiness,Wind Speed
0,Dwarka,IN,2021-05-30 18:33:23,22.2394,68.9678,83.1,83,100,16.44
1,Hilo,US,2021-05-30 18:33:23,19.7297,-155.09,86.29,75,40,5.75
2,Key West,US,2021-05-30 18:31:26,24.5557,-81.7826,84.99,68,40,8.05
3,Misratah,LY,2021-05-30 18:33:24,32.3754,15.0925,72.32,68,5,9.95
4,Brae,GB,2021-05-30 18:33:24,60.3964,-1.353,48.11,87,9,11.48
5,Ribeira Grande,PT,2021-05-30 18:33:24,38.5167,-28.7,70.2,64,40,14.97
6,Yellowknife,CA,2021-05-30 18:32:12,62.456,-114.3525,45.12,65,75,9.22
7,Barrow,US,2021-05-30 18:30:36,71.2906,-156.7887,30.22,86,90,12.66
8,Nioro,GM,2021-05-30 18:33:25,13.35,-15.75,88.47,40,29,12.01
9,Bredasdorp,ZA,2021-05-30 18:33:26,-34.5322,20.0403,51.12,93,46,1.74
10,Cape Town,ZA,2021-05-30 18:32:41,-33.9258,18.4232,55.4,76,0,1.14
11,Rikitea,PF,2021-05-30 18:33:27,-23.1203,-134.9692,75.07,73,100,12.55
12,Mataura,NZ,2021-05-30 18:33:27,-46.1927,168.8643,49.48,98,100,2.89
13,Seoul,KR,2021-05-30 18:33:28,37.5683,126.9778,63.97,91,90,1.83
14,Vaini,TO,2021-05-30 18:33:28,-21.2,-175.2,73.56,100,75,3.44
15,Pisek,CZ,2021-05-30 18:33:28,49.3088,14.1475,55.11,66,7,2.3
16,Monrovia,LR,2021-05-30 18:30:25,6.3005,-10.7969,74.97,84,100,8.23
17,Chuy,UY,2021-05-30 18:33:29,-33.6971,-53.4616,55.02,48,12,11.12
18,Khatanga,RU,2021-05-30 18:33:30,71.9667,102.5,35.6,99,100,5.77
19,Inhambane,MZ,2021-05-30 18:33:30,-23.865,35.3833,71.58,83,0,4.61
20,Mahebourg,MU,2021-05-30 18:33:30,-20.4081,57.7,71.6,94,40,4.61
21,Saskylakh,RU,2021-05-30 18:33:31,71.9167,114.0833,35.64,89,100,3.42
22,San Cristobal,VE,2021-05-30 18:33:15,7.7669,-72.225,78.98,54,54,7.0
23,Hobart,AU,2021-05-30 18:30:50,-42.8794,147.3294,41.11,91,66,1.01
24,Tagusao,PH,2021-05-30 18:30:19,9.1924,117.8141,81.32,80,97,3.04
25,Ostrovnoy,RU,2021-05-30 18:33:32,68.0531,39.5131,43.02,81,100,10.63
26,Hermanus,ZA,2021-05-30 18:33:32,-34.4187,19.2345,56.89,80,93,5.61
27,Oranjestad,AW,2021-05-30 18:31:54,12.524,-70.027,85.95,62,20,19.57
28,Tiarei,PF,2021-05-30 18:33:33,-17.5333,-149.3333,78.8,73,75,16.11
29,Jalpan,MX,2021-05-30 18:33:33,21.2333,-99.4833,93.42,33,7,8.21
30,Puerto Ayora,EC,2021-05-30 18:33:34,-0.7393,-90.3518,82.36,79,14,8.99
31,Hithadhoo,MV,2021-05-30 18:33:35,-0.6,73.0833,83.52,72,15,16.78
32,Sarakhs,IR,2021-05-30 18:31:09,36.5449,61.1577,95.14,11,0,4.61
33,Road Town,VG,2021-05-30 18:33:35,18.4167,-64.6167,86.09,70,40,11.5
34,Ust-Kan,RU,2021-05-30 18:33:36,50.9276,84.761,44.82,71,0,0.54
35,Provideniya,RU,2021-05-30 18:33:36,64.3833,-173.3,45.41,45,4,11.45
36,Nizhniy Odes,RU,2021-05-30 18:33:37,63.6445,54.856,36.5,66,37,5.39
37,Atuona,PF,2021-05-30 18:32:45,-9.8,-139.0333,79.77,62,1,7.76
38,Isernia,IT,2021-05-30 18:33:37,41.6002,14.2382,66.11,83,100,5.39
39,Elat,IL,2021-05-30 18:33:38,29.5581,34.9482,89.6,13,0,8.05
40,Baldone,LV,2021-05-30 18:33:38,56.7428,24.3944,57.6,75,34,4.74
41,Lebu,CL,2021-05-30 18:33:39,-37.6167,-73.65,56.5,79,100,8.7
42,Bengkulu,ID,2021-05-30 18:33:39,-3.8004,102.2655,76.26,87,77,6.11
43,Morondava,MG,2021-05-30 18:33:40,-20.2833,44.2833,72.05,70,0,7.25
44,Taunggyi,MM,2021-05-30 18:33:40,20.7833,97.0333,65.23,92,100,3.44
45,Chake Chake,TZ,2021-05-30 18:33:40,-5.2459,39.7666,74.95,86,10,7.45
46,Kudahuvadhoo,MV,2021-05-30 18:33:41,2.6708,72.8944,83.82,73,33,21.03
47,Kashi,CN,2021-05-30 18:33:41,39.4547,75.9797,76.21,19,100,8.52
48,Dawson Creek,CA,2021-05-30 18:30:10,55.7666,-120.2362,65.84,32,1,9.22
49,Severo-Kurilsk,RU,2021-05-30 18:33:42,50.6789,156.125,38.52,97,100,17.45
50,Antalaha,MG,2021-05-30 18:33:42,-14.9003,50.2788,71.56,91,12,5.97
51,Ushuaia,AR,2021-05-30 18:32:00,-54.8,-68.3,31.66,100,75,4.61
52,Kirsanov,RU,2021-05-30 18:33:43,52.6549,42.7224,49.96,90,100,14.58
53,Bluff,NZ,2021-05-30 18:33:43,-46.6,168.3333,49.8,93,100,22.46
54,Saint-Philippe,RE,2021-05-30 18:33:43,-21.3585,55.7679,71.15,85,6,6.29
55,Dikson,RU,2021-05-30 18:33:44,73.5069,80.5464,30.34,93,100,6.71
56,College,US,2021-05-30 18:30:11,64.8569,-147.8028,58.08,55,75,5.75
57,Pangkalanbuun,ID,2021-05-30 18:33:44,-2.6833,111.6167,75.18,94,99,1.25
58,Genhe,CN,2021-05-30 18:33:45,50.7833,121.5167,43.3,95,100,2.15
59,Cabo San Lucas,MX,2021-05-30 18:33:45,22.8909,-109.9124,96.8,47,1,4.61
60,Waipawa,NZ,2021-05-30 18:33:46,-41.4122,175.5153,48.11,92,100,5.44
61,Sibolga,ID,2021-05-30 18:33:46,1.7427,98.7792,75.99,90,97,2.84
62,Kushiro,JP,2021-05-30 18:33:46,42.975,144.3747,42.19,88,100,9.15
63,Sokol,RU,2021-05-30 18:33:47,59.4617,40.1206,38.48,68,3,5.55
64,Loughrea,IE,2021-05-30 18:33:47,53.1969,-8.5669,69.8,52,75,9.22
65,Marawi,PH,2021-05-30 18:33:47,7.9986,124.2928,67.64,93,100,1.74
66,Srednekolymsk,RU,2021-05-30 18:33:48,67.45,153.6833,57.27,39,9,7.63
67,Axim,GH,2021-05-30 18:33:48,4.8699,-2.2405,80.69,81,100,8.75
68,Kargasok,RU,2021-05-30 18:33:49,59.0556,80.8572,57.94,87,20,6.87
69,Riyadh,SA,2021-05-30 18:31:15,24.6877,46.7219,96.94,10,0,9.4
70,Portland,US,2021-05-30 18:28:54,45.5234,-122.6762,74.05,53,75,3.0
71,Innisfail,AU,2021-05-30 18:33:49,-17.5333,146.0333,66.61,92,100,5.39
72,Albany,US,2021-05-30 18:29:19,42.6001,-73.9662,50.0,84,100,5.73
73,Port Elizabeth,ZA,2021-05-30 18:29:22,-33.918,25.5701,59.09,72,0,8.05
74,Pacifica,US,2021-05-30 18:33:50,37.6138,-122.4869,69.01,63,20,4.61
75,Bambous Virieux,MU,2021-05-30 18:33:51,-20.3428,57.7575,73.22,94,40,7.0
76,Pattaya,TH,2021-05-30 18:33:51,12.9333,100.8833,88.88,74,3,14.16
77,Kumluca,TR,2021-05-30 18:33:51,36.3703,30.2869,70.3,83,12,6.33
78,Tuatapere,NZ,2021-05-30 18:33:52,-46.1333,167.6833,50.0,79,100,5.01
79,Narsaq,GL,2021-05-30 18:33:52,60.9167,-46.05,48.42,61,4,2.48
80,Celestun,MX,2021-05-30 18:33:53,20.8667,-90.4,86.9,60,5,12.55
81,Cherskiy,RU,2021-05-30 18:33:11,68.75,161.3,55.24,38,0,7.27
82,San Pedro,PH,2021-05-30 18:33:54,14.35,121.0167,84.2,79,20,3.44
83,Mareeba,AU,2021-05-30 18:33:54,-17.0,145.4333,64.44,94,96,2.86
84,Lorengau,PG,2021-05-30 18:33:55,-2.0226,147.2712,80.29,84,100,7.76
85,Batamshinskiy,KZ,2021-05-30 18:33:55,50.5594,58.2747,69.78,62,0,7.11
86,Talnakh,RU,2021-05-30 18:33:55,69.4865,88.3972,37.26,87,100,26.57
87,Itapetinga,BR,2021-05-30 18:33:56,-15.2489,-40.2478,87.12,37,11,5.82
88,Chabahar,IR,2021-05-30 18:33:56,25.2919,60.643,86.47,75,0,8.99
89,Tasiilaq,GL,2021-05-30 18:33:56,65.6145,-37.6368,39.36,81,100,13.42
90,Nikolskoye,RU,2021-05-30 18:33:57,59.7035,30.7861,53.49,63,0,2.59
91,Bandarbeyla,SO,2021-05-30 18:33:57,9.4942,50.8122,79.2,85,96,29.12
92,Ayagoz,KZ,2021-05-30 18:33:58,47.9714,80.4392,54.59,45,33,8.19
93,Okhotsk,RU,2021-05-30 18:33:58,59.3833,143.3,37.33,94,100,6.17
94,Mahibadhoo,MV,2021-05-30 18:33:59,3.7833,72.9667,83.79,71,100,20.42
95,Pisco,PE,2021-05-30 18:33:59,-13.7,-76.2167,64.45,94,90,5.75
96,New Norfolk,AU,2021-05-30 18:34:00,-42.7826,147.0587,40.75,88,53,2.95
97,Busselton,AU,2021-05-30 18:34:01,-33.65,115.3333,55.09,69,100,13.76
98,Ahuimanu,US,2021-05-30 18:34:01,21.4447,-157.8378,78.85,68,40,0.0
99,Veraval,IN,2021-05-30 18:34:02,20.9,70.3667,82.89,79,99,11.63
100,High Rock,BS,2021-05-30 18:34:02,26.6208,-78.2833,84.2,61,75,10.36
101,Leshukonskoye,RU,2021-05-30 18:34:03,64.8989,45.7622,36.63,69,56,4.68
102,Kodiak,US,2021-05-30 18:34:03,57.79,-152.4072,48.2,87,90,4.61
103,Salalah,OM,2021-05-30 18:34:04,17.0151,54.0924,84.29,84,40,10.36
104,Barcelona,ES,2021-05-30 18:31:09,41.3888,2.159,75.34,68,20,1.01
105,Hofn,IS,2021-05-30 18:34:04,64.2539,-15.2082,46.67,99,100,18.9
106,Gardabani,GE,2021-05-30 18:34:05,41.4605,45.0928,69.89,61,0,12.12
107,Ola,RU,2021-05-30 18:33:10,59.5833,151.2833,35.67,98,100,3.6
108,Victoria,HK,2021-05-30 18:33:31,22.2855,114.1577,86.38,89,100,1.01
109,San Luis De Palenque,CO,2021-05-30 18:34:05,5.4214,-71.7317,83.01,73,93,8.21
110,Tuktoyaktuk,CA,2021-05-30 18:33:44,69.4541,-133.0374,39.2,56,20,11.5
111,Qaanaaq,GL,2021-05-30 18:34:06,77.484,-69.3632,32.23,93,100,5.21
112,Clyde River,CA,2021-05-30 18:34:06,70.4692,-68.5914,30.2,80,75,4.61
113,Ugra,RU,2021-05-30 18:34:07,54.7777,34.3267,45.75,62,99,8.16
114,Upernavik,GL,2021-05-30 18:34:06,72.7868,-56.1549,31.69,92,100,5.7
115,Arman,RU,2021-05-30 18:34:07,59.7,150.1667,36.95,98,100,4.99
116,Mayya,RU,2021-05-30 18:34:07,61.7333,130.2811,47.52,93,100,3.58
117,Avarua,CK,2021-05-30 18:34:08,-21.2078,-159.775,68.05,83,51,2.3
118,Nouadhibou,MR,2021-05-30 18:29:27,20.931,-17.0347,71.58,73,88,17.27
119,Mercedes,AR,2021-05-30 18:34:08,-34.6515,-59.4307,63.03,49,0,8.14
120,Bure,ET,2021-05-30 18:34:09,10.7,37.0667,66.67,30,7,4.81
121,Ust-Maya,RU,2021-05-30 18:34:09,60.4167,134.5333,49.48,77,86,5.86
122,Kosonsoy,UZ,2021-05-30 18:34:09,41.2561,71.5508,73.96,46,0,8.66
123,Kapaa,US,2021-05-30 18:34:10,22.0752,-159.319,80.19,71,1,3.71
124,Grand Gaube,MU,2021-05-30 18:34:10,-20.0064,57.6608,73.38,83,51,3.0
125,Margate,GB,2021-05-30 18:34:10,51.3813,1.3862,56.91,75,6,4.0
126,Norrtalje,SE,2021-05-30 18:33:15,59.758,18.705,68.09,63,7,7.05
127,Sarrebourg,FR,2021-05-30 18:34:11,48.7333,7.05,68.05,71,0,8.77
128,Mount Gambier,AU,2021-05-30 18:34:11,-37.8333,140.7667,40.91,81,8,10.36
129,Nicolas Bravo,MX,2021-05-30 18:34:11,18.45,-88.9167,89.96,30,55,7.67
130,Zhigansk,RU,2021-05-30 18:34:12,66.7697,123.3711,47.41,61,0,10.74
131,Burhaniye,TR,2021-05-30 18:34:12,39.5004,26.9727,73.26,60,75,8.05
132,Chokurdakh,RU,2021-05-30 18:34:13,70.6333,147.9167,54.73,41,43,9.84
133,East London,ZA,2021-05-30 18:34:13,-33.0153,27.9116,51.8,87,0,6.91
134,Lavrentiya,RU,2021-05-30 18:34:14,65.5833,-171.0,34.74,79,8,10.85
135,Gracac,HR,2021-05-30 18:34:14,44.3006,15.8547,58.75,66,0,8.97
136,Shache,CN,2021-05-30 18:34:15,38.4167,77.2406,77.2,27,100,8.86
137,Anadyr,RU,2021-05-30 18:34:15,64.75,177.4833,41.0,70,0,8.95
138,Vila Franca Do Campo,PT,2021-05-30 18:30:21,37.7167,-25.4333,66.61,71,8,9.48
139,Geraldton,AU,2021-05-30 18:34:16,-28.7667,114.6,57.61,88,75,18.99
140,Tarauaca,BR,2021-05-30 18:34:16,-8.1614,-70.7656,86.02,66,31,2.91
141,Vao,NC,2021-05-30 18:34:16,-22.6667,167.4833,69.93,56,61,16.69
142,Thaba Nchu,ZA,2021-05-30 18:34:17,-29.2093,26.839,40.78,45,49,4.7
143,Tamale,GH,2021-05-30 18:33:19,9.4008,-0.8393,79.75,67,44,9.78
144,Saint George,US,2021-05-30 18:34:17,37.1041,-113.5841,93.67,12,1,1.99
145,Talcahuano,CL,2021-05-30 18:34:17,-36.7167,-73.1167,58.68,67,75,4.61
146,Cortona,IT,2021-05-30 18:34:18,43.2745,11.9871,64.99,41,4,6.49
147,Tairua,NZ,2021-05-30 18:34:18,-37.0167,175.85,55.18,89,88,8.14
148,Ilulissat,GL,2021-05-30 18:34:19,69.2167,-51.1,44.62,42,100,4.61
149,Dandong,CN,2021-05-30 18:31:52,40.1292,124.3947,53.94,77,0,4.56
150,Coari,BR,2021-05-30 18:34:20,-4.085,-63.1414,85.41,65,84,2.39
151,Mahenge,TZ,2021-05-30 18:34:20,-8.6833,36.7167,60.6,60,53,2.48
152,Pleshanovo,RU,2021-05-30 18:29:26,52.8333,53.4833,68.22,73,30,7.9
153,Isangel,VU,2021-05-30 18:34:21,-19.55,169.2667,70.16,77,70,6.67
154,Aklavik,CA,2021-05-30 18:34:21,68.2191,-135.0107,43.63,52,20,13.8
155,Nelson Bay,AU,2021-05-30 18:34:21,-32.7167,152.15,57.0,91,94,1.01
156,Katsuura,JP,2021-05-30 18:34:22,35.1333,140.3,66.31,79,0,12.84
157,Ponta Do Sol,PT,2021-05-30 18:34:22,32.6667,-17.1,69.71,79,39,6.08
158,Raudeberg,NO,2021-05-30 18:34:22,61.9875,5.1352,56.98,84,73,11.7
159,Algiers,DZ,2021-05-30 18:34:23,36.7525,3.042,67.82,78,75,10.85
160,Souillac,MU,2021-05-30 18:34:23,-20.5167,57.5167,73.36,94,40,6.91
161,Marsa Matruh,EG,2021-05-30 18:34:23,31.3525,27.2453,86.2,42,0,11.5
162,Sao Joao Da Barra,BR,2021-05-30 18:34:24,-21.6403,-41.0511,82.49,82,95,12.75
163,Bratsk,RU,2021-05-30 18:34:24,56.1325,101.6142,34.29,99,100,1.61
164,Port Alfred,ZA,2021-05-30 18:34:25,-33.5906,26.891,58.53,64,100,8.75
165,Mar Del Plata,AR,2021-05-30 18:34:25,-38.0023,-57.5575,57.99,42,0,1.01
166,Fukue,JP,2021-05-30 18:34:26,32.6881,128.8419,68.07,72,0,5.26
167,Salinas,US,2021-05-30 18:30:37,36.6777,-121.6555,79.2,66,1,4.61
168,Butaritari,KI,2021-05-30 18:34:26,3.0707,172.7902,82.87,77,100,14.7
169,Flinders,AU,2021-05-30 18:30:16,-34.5833,150.8552,54.21,82,0,1.01
170,Fortuna,US,2021-05-30 18:32:23,40.5982,-124.1573,61.86,76,100,1.99
171,Nurota,UZ,2021-05-30 18:34:27,40.5614,65.6886,80.69,18,0,5.03
172,Georgetown,MY,2021-05-30 18:34:27,5.4112,100.3354,82.89,86,40,1.01
173,Puro,PH,2021-05-30 18:34:28,12.4841,123.3827,82.26,76,97,1.63
174,Alcazar De San Juan,ES,2021-05-30 18:34:28,39.3901,-3.2083,85.71,25,100,8.14
175,Sitka,US,2021-05-30 18:34:29,57.0531,-135.33,51.8,82,90,4.61
176,Ajdabiya,LY,2021-05-30 18:34:30,30.7554,20.2263,79.86,36,0,13.33
177,Saldanha,ZA,2021-05-30 18:34:30,-33.0117,17.9442,53.6,82,100,3.44
178,Lata,PT,2021-05-30 18:33:51,40.1629,-8.3327,73.35,65,56,3.62
179,La Ronge,CA,2021-05-30 18:33:56,55.1001,-105.2842,62.6,39,32,4.61
180,Deming,US,2021-05-30 18:34:31,32.2687,-107.7586,86.18,4,1,6.91
181,Thinadhoo,MV,2021-05-30 18:34:31,0.5333,72.9333,83.21,73,24,17.56
182,Codrington,AU,2021-05-30 18:34:32,-38.2667,141.9667,40.3,66,5,8.23
183,Paka,MY,2021-05-30 18:34:32,4.6374,103.4368,78.73,94,30,6.08
184,Hualmay,PE,2021-05-30 18:34:33,-11.0964,-77.6139,69.39,75,22,10.98
185,Te Anau,NZ,2021-05-30 18:34:33,-45.4167,167.7167,47.79,95,100,6.46
186,Faya,SA,2021-05-30 18:34:33,18.3851,42.4509,73.51,26,19,6.93
187,Pacific Grove,US,2021-05-30 18:33:39,36.6177,-121.9166,78.8,79,20,1.01
188,Prieska,ZA,2021-05-30 18:34:34,-29.6641,22.7474,51.22,36,0,3.02
189,Jeremie,HT,2021-05-30 18:34:34,18.65,-74.1167,82.94,71,24,2.59
190,Taoudenni,ML,2021-05-30 18:34:35,22.6783,-3.9836,108.86,7,100,3.67
191,Dongsheng,CN,2021-05-30 18:34:35,39.8161,109.9776,67.28,24,100,15.19
192,Tonj,SS,2021-05-30 18:34:35,7.2737,28.6822,81.63,55,36,4.81
193,Rabo De Peixe,PT,2021-05-30 18:34:36,37.8,-25.5833,65.71,63,20,11.05
194,Norman Wells,CA,2021-05-30 18:34:36,65.282,-126.8329,42.84,75,75,14.97
195,Scarborough,GB,2021-05-30 18:34:37,54.2797,-0.4044,66.02,81,6,4.0
196,Havoysund,NO,2021-05-30 18:34:37,70.9963,24.6622,43.03,97,100,27.49
197,Kijang,KR,2021-05-30 18:34:37,35.2442,129.2139,64.13,82,5,1.61
198,Paamiut,GL,2021-05-30 18:34:38,61.994,-49.6678,35.58,90,31,20.11
199,Pires Do Rio,BR,2021-05-30 18:30:41,-17.2997,-48.2794,86.9,31,99,3.85
200,Cidreira,BR,2021-05-30 18:34:38,-30.1811,-50.2056,56.14,48,73,10.74
201,Udachnyy,RU,2021-05-30 18:34:39,66.4167,112.4,50.72,44,28,4.97
202,Zharkovskiy,RU,2021-05-30 18:34:39,55.849,32.2697,44.19,66,55,5.35
203,Port Augusta,AU,2021-05-30 18:34:40,-32.5,137.7667,39.34,39,100,1.77
204,Punta Arenas,CL,2021-05-30 18:34:40,-53.15,-70.9167,37.4,56,75,9.22
205,Kohila,EE,2021-05-30 18:34:41,59.1681,24.7575,55.4,41,0,5.75
206,Pangnirtung,CA,2021-05-30 18:34:41,66.1451,-65.7125,28.4,100,90,5.75
207,Jandaia Do Sul,BR,2021-05-30 18:31:33,-23.6031,-51.6433,59.83,64,53,5.08
208,Aswan,EG,2021-05-30 18:34:42,24.0934,32.907,95.86,10,100,6.6
209,Peniche,PT,2021-05-30 18:34:42,39.3558,-9.3811,76.48,84,89,10.16
210,Saint-Francois,FR,2021-05-30 18:34:43,46.4154,3.9054,71.6,35,0,6.91
211,Kano,NG,2021-05-30 18:34:29,12.0001,8.5167,93.85,11,0,6.06
212,Solnechnyy,RU,2021-05-30 18:34:44,50.7214,136.6319,43.11,86,100,1.88
213,Shelopugino,RU,2021-05-30 18:34:44,51.6514,117.5599,42.98,86,100,2.64
214,Castro,BR,2021-05-30 18:34:03,-24.7911,-50.0119,56.53,98,100,3.29
215,Sompeta,IN,2021-05-30 18:34:45,18.9333,84.6,84.69,74,97,6.6
216,Dunedin,NZ,2021-05-30 18:34:45,-45.8742,170.5036,50.81,97,100,9.53
217,Maputo,MZ,2021-05-30 18:34:46,-25.9653,32.5892,68.0,60,75,12.66
218,Limenaria,GR,2021-05-30 18:34:46,40.6261,24.5786,70.95,69,100,3.8
219,Jamestown,US,2021-05-30 18:34:46,42.097,-79.2353,62.19,44,1,17.27
220,Mount Isa,AU,2021-05-30 18:34:47,-20.7333,139.5,55.17,41,5,4.61
221,Iqaluit,CA,2021-05-30 18:29:55,63.7506,-68.5145,40.73,70,75,5.99
222,Kavieng,PG,2021-05-30 18:34:47,-2.5744,150.7967,80.78,80,100,9.24
223,Padang,ID,2021-05-30 18:34:48,-0.9492,100.3543,76.1,89,83,2.86
224,Bintulu,MY,2021-05-30 18:34:48,3.1667,113.0333,77.41,94,20,5.01
225,Maumere,ID,2021-05-30 18:34:48,-8.6199,122.2111,76.73,82,100,2.95
226,Caravelas,BR,2021-05-30 18:34:49,-17.7125,-39.2481,79.92,71,45,8.59
227,Balanacan,PH,2021-05-30 18:34:49,13.5289,121.8677,82.15,75,100,2.42
228,Acapulco,MX,2021-05-30 18:32:18,16.8634,-99.8901,89.42,58,20,10.89
229,Carnarvon,AU,2021-05-30 18:33:59,-24.8667,113.6333,57.27,94,59,6.91
230,Yar-Sale,RU,2021-05-30 18:34:50,66.8333,70.8333,37.2,63,5,20.56
231,Gobabis,NA,2021-05-30 18:34:50,-22.45,18.9667,61.05,24,19,6.6
232,Fiditi,NG,2021-05-30 18:34:51,7.7136,3.9172,75.69,91,64,5.7
233,Port Hardy,CA,2021-05-30 18:34:51,50.6996,-127.4199,53.78,94,90,14.97
234,Guayaquil,EC,2021-05-30 18:31:24,-2.1667,-79.9,81.7,73,90,6.91
235,Amapa,BR,2021-05-30 18:34:52,1.0,-52.0,80.22,87,61,4.07
236,Pevek,RU,2021-05-30 18:34:52,69.7008,170.3133,39.0,68,0,5.17
237,Kirakira,SB,2021-05-30 18:34:52,-10.4544,161.9205,77.25,89,100,7.23
238,Sayat,TM,2021-05-30 18:34:53,38.7839,63.8803,94.87,11,0,10.0
239,Sandviken,SE,2021-05-30 18:34:53,60.6167,16.7667,63.18,61,21,6.08
240,Khandyga,RU,2021-05-30 18:34:53,62.6667,135.6,50.09,82,100,5.95
241,Unguia,CO,2021-05-30 18:34:54,8.0434,-77.0945,89.96,58,55,3.53
242,Isla Mujeres,MX,2021-05-30 18:30:05,21.2311,-86.731,89.65,67,6,8.39
243,Bethel,US,2021-05-30 18:34:54,41.3712,-73.414,50.58,90,90,1.01
244,Lasa,IT,2021-05-30 18:34:54,46.6166,10.7002,67.91,79,23,5.7
245,Fuxin,CN,2021-05-30 18:34:55,42.0156,121.6589,58.14,52,6,3.98
246,Simao,CN,2021-05-30 18:34:55,22.7886,100.9748,65.82,97,100,1.79
247,Borogontsy,RU,2021-05-30 18:34:56,62.6683,131.1683,45.28,93,100,6.91
248,Bathsheba,BB,2021-05-30 18:34:56,13.2167,-59.5167,81.21,65,75,19.75
249,Saint Anthony,US,2021-05-30 18:34:57,45.0205,-93.218,57.99,88,90,9.22
250,Vestmanna,FO,2021-05-30 18:34:57,62.1564,-7.1664,54.52,76,20,17.58
251,Mpraeso,GH,2021-05-30 18:34:57,6.5932,-0.7346,74.61,87,90,6.17
252,Burnie,AU,2021-05-30 18:34:58,-41.0667,145.9167,39.99,85,12,3.0
253,Cockburn Town,TC,2021-05-30 18:35:00,21.4612,-71.1419,84.2,61,75,17.27
254,Shimoda,JP,2021-05-30 18:35:00,34.6667,138.95,68.11,77,1,12.46
255,Longyearbyen,SJ,2021-05-30 18:30:54,78.2186,15.6401,33.64,75,75,5.75
256,Maniitsoq,GL,2021-05-30 18:35:01,65.4167,-52.9,35.46,86,94,4.63
257,Roblin,CA,2021-05-30 18:30:11,51.23,-101.3565,49.26,67,100,11.9
258,Yuli,NG,2021-05-30 18:35:01,9.6989,10.2744,88.99,41,100,4.83
259,Anito,PH,2021-05-30 18:35:03,12.4497,125.2886,78.08,91,98,3.09
260,Nanortalik,GL,2021-05-30 18:35:04,60.1432,-45.2371,37.8,85,31,15.28
261,Half Moon Bay,US,2021-05-30 18:35:04,37.4636,-122.4286,73.99,82,1,8.05
262,Bairiki,KI,2021-05-30 18:35:05,1.3292,172.9752,82.4,83,40,6.91
263,Aripuana,BR,2021-05-30 18:35:05,-9.1667,-60.6333,92.46,35,22,3.51
264,Kaitangata,NZ,2021-05-30 18:35:06,-46.2817,169.8464,49.44,93,100,7.67
265,Aksu,CN,2021-05-30 18:35:03,41.1231,80.2644,78.28,27,87,13.94
266,Roma,US,2021-05-30 18:35:06,43.2128,-75.4557,57.06,70,90,8.05
267,Pyapon,MM,2021-05-30 18:35:06,16.2833,95.6833,80.37,84,100,5.5
268,Tongzi,CN,2021-05-30 18:35:07,28.7829,105.0877,70.02,74,100,2.15
269,Whitehorse,CA,2021-05-30 18:32:13,60.7161,-135.0538,52.57,46,75,17.0
270,Ucluelet,CA,2021-05-30 18:32:03,48.9329,-125.5528,57.09,90,100,1.61
271,Fenoarivo,MG,2021-05-30 18:35:07,-18.933,47.4354,64.47,82,75,1.88
272,Harper,LR,2021-05-30 18:35:08,4.375,-7.7169,79.56,84,100,8.52
273,Aurillac,FR,2021-05-30 18:35:08,44.9167,2.45,71.85,52,76,3.44
274,Antofagasta,CL,2021-05-30 18:35:09,-23.65,-70.4,70.21,58,33,8.43
275,Lompoc,US,2021-05-30 18:32:48,34.6391,-120.4579,64.4,77,90,11.5
276,Guapore,BR,2021-05-30 18:32:15,-28.8456,-51.8903,62.38,55,6,3.71
277,Yibin,CN,2021-05-30 18:35:09,28.7667,104.6238,73.24,77,100,0.76
278,Asuncion,PY,2021-05-30 18:35:10,-25.3007,-57.6359,73.4,21,0,19.57
279,Waddan,LY,2021-05-30 18:35:11,29.1614,16.139,88.07,21,10,20.51
280,Bilibino,RU,2021-05-30 18:35:11,68.0546,166.4372,48.49,47,66,2.17
281,Yerbogachen,RU,2021-05-30 18:35:12,61.2767,108.0108,43.29,68,100,9.37
282,Alofi,NU,2021-05-30 18:35:12,-19.0595,-169.9187,75.2,94,64,3.44
283,Saint-Paul,RE,2021-05-30 18:35:13,-21.0096,55.2707,71.6,64,0,8.05
284,Olafsvik,IS,2021-05-30 18:35:13,64.8945,-23.7142,41.25,88,100,4.27
285,Avera,US,2021-05-30 18:35:13,33.194,-82.5271,71.6,60,90,9.22
286,Moose Factory,CA,2021-05-30 18:35:14,51.2585,-80.6094,75.2,21,1,16.11
287,Touros,BR,2021-05-30 18:35:14,-5.1989,-35.4608,86.9,75,51,12.71
288,Nanchang,CN,2021-05-30 18:35:14,28.6833,115.8833,71.6,89,83,0.22
289,Iskateley,RU,2021-05-30 18:35:15,67.6803,53.1512,35.37,72,98,12.57
290,Sandpoint,US,2021-05-30 18:35:01,48.2766,-116.5533,73.85,43,1,3.44
291,San Quintin,MX,2021-05-30 18:35:16,30.4833,-115.95,65.5,62,40,15.14
292,Farafangana,MG,2021-05-30 18:35:16,-22.8167,47.8333,71.91,89,21,8.61
293,Tondano,ID,2021-05-30 18:35:16,1.3038,124.9112,69.89,90,100,1.05
294,Trelew,AR,2021-05-30 18:33:22,-43.249,-65.3051,47.5,71,100,9.57
295,Kapasan,ID,2021-05-30 18:35:17,-6.7773,111.3789,76.05,90,75,3.87
296,Provost,CA,2021-05-30 18:35:17,52.3501,-110.2683,73.85,32,6,6.55
297,Quatre Cocos,MU,2021-05-30 18:35:17,-20.2078,57.7625,73.09,80,40,6.93
298,Tilichiki,RU,2021-05-30 18:35:18,60.4667,166.1,38.25,83,100,2.13
299,Haines Junction,CA,2021-05-30 18:35:18,60.7522,-137.5108,53.55,43,96,8.05
300,Waco,US,2021-05-30 18:35:03,31.5493,-97.1467,75.0,73,90,10.36
301,Airai,TL,2021-05-30 18:34:19,-8.9266,125.4092,57.99,89,100,1.39
302,Loiza,PR,2021-05-30 18:35:19,18.4313,-65.8802,88.21,63,40,13.69
303,Arraial Do Cabo,BR,2021-05-30 18:35:19,-22.9661,-42.0278,78.76,73,75,6.91
304,Tiksi,RU,2021-05-30 18:35:20,71.6872,128.8694,32.61,92,19,9.17
305,San Patricio,US,2021-05-30 18:33:43,28.017,-97.5169,89.69,56,18,14.99
306,Krasnaya Gorbatka,RU,2021-05-30 18:35:21,55.8703,41.7641,43.34,83,100,3.36
307,Chapais,CA,2021-05-30 18:35:21,49.7834,-74.8492,65.98,24,5,7.31
308,Comodoro Rivadavia,AR,2021-05-30 18:35:22,-45.8667,-67.5,40.86,93,40,2.3
309,Lucea,JM,2021-05-30 18:35:22,18.451,-78.1736,85.86,68,10,1.41
310,Presque Isle,US,2021-05-30 18:35:24,46.6811,-68.0159,62.6,31,1,10.36
311,Bolobo,CD,2021-05-30 18:35:24,-2.1667,16.2333,78.57,64,73,2.48
312,Santa Cruz De La Palma,ES,2021-05-30 18:35:25,28.6835,-17.7642,72.14,73,75,18.41
313,Poum,NC,2021-05-30 18:35:25,-20.2333,164.0167,70.74,72,41,16.64
314,Shenjiamen,CN,2021-05-30 18:35:25,29.9576,122.298,66.97,86,99,8.77
315,Invercargill,NZ,2021-05-30 18:35:26,-46.4,168.35,50.02,79,100,5.01
316,La Palma,US,2021-05-30 18:34:23,33.8464,-118.0467,80.11,78,90,6.91
317,Nampa,US,2021-05-30 18:35:26,43.5407,-116.5635,78.12,31,1,5.75
318,Grindavik,IS,2021-05-30 18:35:27,63.8424,-22.4338,48.67,87,75,14.83
319,Luderitz,NA,2021-05-30 18:35:27,-26.6481,15.1594,60.15,68,3,18.41
320,Khovu-Aksy,RU,2021-05-30 18:35:28,51.1333,93.6,38.44,63,100,3.83
321,Leningradskiy,RU,2021-05-30 18:34:58,69.3833,178.4167,35.31,87,99,1.81
322,Eyl,SO,2021-05-30 18:34:14,7.9803,49.8164,80.2,79,100,20.49
323,Saint-Augustin,CA,2021-05-30 18:35:29,51.226,-58.6502,62.76,34,5,10.16
324,Mackay,AU,2021-05-30 18:30:29,-21.15,149.2,66.69,82,49,11.5
325,Koshurnikovo,RU,2021-05-30 18:35:29,54.1667,93.3,34.7,77,90,2.19
326,Gawler,AU,2021-05-30 18:35:29,-34.6,138.7333,52.36,46,89,6.64
327,Merauke,ID,2021-05-30 18:35:30,-8.4667,140.3333,75.52,85,100,12.84
328,Augusto Correa,BR,2021-05-30 18:34:31,-1.0217,-46.635,78.96,93,51,6.15
329,Trenggalek,ID,2021-05-30 18:35:32,-8.05,111.7167,74.91,96,66,2.71
330,Manono,CD,2021-05-30 18:35:32,-7.3,27.4167,70.81,41,10,4.92
331,Atar,MR,2021-05-30 18:35:32,20.5169,-13.0499,98.96,18,74,3.78
332,Tezu,IN,2021-05-30 18:35:00,27.9167,96.1667,74.98,77,77,4.0
333,Rio Gallegos,AR,2021-05-30 18:35:33,-51.6226,-69.2181,37.45,70,40,11.5
334,Hovd,MN,2021-05-30 18:34:39,48.0056,91.6419,49.3,35,4,0.78
335,Ancud,CL,2021-05-30 18:30:36,-41.8697,-73.8203,55.0,100,90,9.22
336,Nuuk,GL,2021-05-30 18:35:00,64.1835,-51.7216,38.01,75,75,12.66
337,Thompson,CA,2021-05-30 18:35:33,55.7435,-97.8558,46.56,66,75,6.91
338,Chicama,PE,2021-05-30 18:35:34,-7.8447,-79.1469,68.0,83,90,8.05
339,Neiafu,TO,2021-05-30 18:35:35,-18.65,-173.9833,69.8,94,20,8.75
340,Pontes E Lacerda,BR,2021-05-30 18:35:35,-15.2261,-59.3353,94.03,26,13,4.27
341,Huautla,MX,2021-05-30 18:35:35,21.0333,-98.2833,91.94,40,36,7.92
342,Camabatela,AO,2021-05-30 18:35:36,-8.1881,15.375,67.28,46,9,4.97
343,Manama,BH,2021-05-30 18:35:36,26.2154,50.5832,98.78,49,0,8.05
344,Hammerfest,NO,2021-05-30 18:35:36,70.6634,23.6821,42.53,100,75,19.57
345,Laguna,US,2021-05-30 18:35:37,38.421,-121.4238,91.63,48,1,5.23
346,Mitsamiouli,KM,2021-05-30 18:35:37,-11.3847,43.2844,78.89,76,5,10.22
347,Karratha,AU,2021-05-30 18:35:38,-20.7377,116.8463,68.14,61,1,8.77
348,Satun,TH,2021-05-30 18:35:38,6.8333,100.0,82.11,94,100,1.57
349,Mecca,SA,2021-05-30 18:34:46,21.4267,39.8261,92.55,31,37,3.8
350,Salekhard,RU,2021-05-30 18:35:39,66.53,66.6019,35.49,68,12,17.65
351,Oksfjord,NO,2021-05-30 18:35:39,70.2396,22.3479,46.47,92,100,8.88
352,Varanasi,IN,2021-05-30 18:35:39,25.3333,83.0,82.49,89,40,2.44
353,Kuching,MY,2021-05-30 18:35:40,1.55,110.3333,77.22,94,20,1.14
354,Peleduy,RU,2021-05-30 18:35:40,59.6289,112.7406,40.6,97,100,6.17
355,Urengoy,RU,2021-05-30 18:35:40,65.9667,78.3667,42.3,83,100,8.81
356,Lysva,RU,2021-05-30 18:35:41,58.1086,57.8053,49.6,83,100,8.05
357,Torbay,CA,2021-05-30 18:35:41,47.6666,-52.7314,61.57,36,20,10.36
358,Thayetmyo,MM,2021-05-30 18:35:42,19.3167,95.1833,81.36,78,100,6.53
359,Cap Malheureux,MU,2021-05-30 18:35:42,-19.9842,57.6142,73.47,83,41,3.0
360,Alta Floresta,BR,2021-05-30 18:35:43,-9.8756,-56.0861,86.56,50,93,4.34
361,Hastings,GB,2021-05-30 18:35:43,50.8552,0.5729,62.38,65,0,13.44
362,Felanitx,ES,2021-05-30 18:35:43,39.4696,3.1483,74.44,57,100,4.41
363,Nome,US,2021-05-30 18:33:27,64.5011,-165.4064,51.17,34,75,21.85
364,Hami,CN,2021-05-30 18:35:44,42.8,93.45,69.69,13,0,15.37
365,Gland,CH,2021-05-30 18:35:45,46.4208,6.2701,68.0,37,0,8.05
366,Grenaa,DK,2021-05-30 18:35:45,56.4158,10.8783,68.22,72,7,4.21
367,Tuy Hoa,VN,2021-05-30 18:35:46,13.0833,109.3,80.58,80,8,4.97
368,Mao,ES,2021-05-30 18:35:47,39.8885,4.2658,72.16,49,0,4.61
369,Abashiri,JP,2021-05-30 18:35:47,44.0213,144.2697,39.06,94,100,16.78
370,Asau,RO,2021-05-30 18:35:48,46.4333,26.4,58.12,80,59,1.88
371,Carutapera,BR,2021-05-30 18:35:48,-1.195,-46.02,82.04,79,9,8.63
372,Hervey Bay,AU,2021-05-30 18:35:48,-25.2986,152.8535,57.04,81,24,3.0
373,Farmington,US,2021-05-30 18:35:49,36.7281,-108.2187,85.77,9,1,0.0
374,Djambala,CG,2021-05-30 18:35:49,-2.5447,14.7533,77.92,62,100,3.76
375,Bilma,NE,2021-05-30 18:35:50,18.6853,12.9164,95.14,7,65,6.73
376,Estelle,US,2021-05-30 18:35:50,29.8458,-90.1067,81.03,57,40,8.05
377,Vardo,NO,2021-05-30 18:35:50,70.3705,31.1107,43.0,75,75,13.8
378,Sept-Iles,CA,2021-05-30 18:31:48,50.2001,-66.3821,61.32,54,20,3.0
379,Maragogi,BR,2021-05-30 18:35:52,-9.0122,-35.2225,78.21,84,100,9.01
380,Bougouni,ML,2021-05-30 18:35:53,11.417,-7.479,87.4,46,9,6.91
381,Sunland Park,US,2021-05-30 18:35:53,31.7965,-106.58,90.7,26,1,1.01
382,Te Horo,NZ,2021-05-30 18:35:54,-40.8084,175.1233,51.01,91,100,1.95
383,Nisia Floresta,BR,2021-05-30 18:35:54,-6.0911,-35.2086,86.81,69,31,11.43
384,Fallon,US,2021-05-30 18:35:55,39.4735,-118.7774,81.43,11,20,4.61
385,Shagonar,RU,2021-05-30 18:35:55,51.5333,92.8,48.38,56,100,0.49
386,Puerto Leguizamo,CO,2021-05-30 18:35:55,-0.1934,-74.7819,78.58,91,63,4.65
387,Baykit,RU,2021-05-30 18:35:40,61.67,96.37,32.41,94,40,1.48
388,Skjervoy,NO,2021-05-30 18:35:56,70.0311,20.9714,46.4,88,100,19.82
389,Kachug,RU,2021-05-30 18:35:56,53.9606,105.8817,35.06,70,99,4.0
390,Haapiti,PF,2021-05-30 18:35:57,-17.5667,-149.8667,80.33,76,100,19.39
391,Nishihara,JP,2021-05-30 18:35:57,26.1842,127.7558,75.2,100,90,9.22
392,Bombay,IN,2021-05-30 18:34:34,19.0144,72.8479,84.18,79,75,3.44
393,Iquitos,PE,2021-05-30 18:34:15,-3.7481,-73.2472,82.44,83,75,9.22
394,Chilca,PE,2021-05-30 18:35:58,-12.5211,-76.7372,68.16,79,30,6.35
395,San Giovanni Rotondo,IT,2021-05-30 18:35:59,41.7049,15.7191,66.2,52,20,9.22
396,Russell,US,2021-05-30 18:35:59,32.3502,-85.1999,75.99,50,75,5.75
397,Jingdezhen,CN,2021-05-30 18:35:59,29.2947,117.2079,70.11,97,100,0.63
398,Sao Filipe,CV,2021-05-30 18:36:00,14.8961,-24.4956,72.34,81,35,10.87
399,Mpika,ZM,2021-05-30 18:36:00,-11.8343,31.4529,54.95,52,0,2.44
400,Bacolod,PH,2021-05-30 18:35:56,10.6667,122.95,79.48,84,86,4.61
401,Kamaishi,JP,2021-05-30 18:36:01,39.2667,141.8833,54.14,79,5,6.04
402,Port Lincoln,AU,2021-05-30 18:36:01,-34.7333,135.8667,54.77,41,100,12.73
403,Holoby,UA,2021-05-30 18:36:02,51.0865,25.0077,51.06,93,100,7.92
404,Yeppoon,AU,2021-05-30 18:36:02,-23.1333,150.7333,56.98,88,1,10.78
405,Faanui,PF,2021-05-30 18:36:03,-16.4833,-151.75,79.92,76,100,16.04
406,Lagoa,PT,2021-05-30 18:36:03,39.05,-27.9833,63.64,77,97,9.08
407,Biak,ID,2021-05-30 18:36:03,-0.9131,122.8766,76.08,87,96,5.1
408,Calama,CL,2021-05-30 18:36:04,-22.4667,-68.9333,68.49,18,20,17.27
409,Sirtich,RU,2021-05-30 18:36:04,41.8321,48.228,65.88,82,90,2.93
410,Bull Savanna,JM,2021-05-30 18:36:05,17.8868,-77.5902,83.28,64,86,15.14
411,Prince George,CA,2021-05-30 18:33:09,53.9166,-122.753,63.0,51,40,8.05
412,Itaituba,BR,2021-05-30 18:35:22,-4.2761,-55.9836,95.16,55,20,0.0
413,Palana,RU,2021-05-30 18:36:06,59.1167,159.9667,35.31,85,88,2.59
414,Miri,MY,2021-05-30 18:33:51,4.4148,114.0089,77.14,94,20,4.07
415,Oituz,RO,2021-05-30 18:36:06,46.2,26.6167,59.32,93,99,2.46
416,Along,IN,2021-05-30 18:36:06,28.1667,94.7667,70.92,93,70,1.74
417,Kachiry,KZ,2021-05-30 18:36:07,53.0675,76.1036,65.77,36,93,13.6
418,Pizarro,CO,2021-05-30 18:36:07,4.9533,-77.366,81.23,78,52,7.99
419,Flores,GT,2021-05-30 18:36:07,16.9226,-89.8994,97.54,35,49,2.3
420,Esperance,AU,2021-05-30 18:36:08,-33.8667,121.9,55.24,82,71,20.31
421,Gavrilov-Yam,RU,2021-05-30 18:36:08,57.3018,39.8533,48.04,62,16,8.81
422,Namatanai,PG,2021-05-30 18:36:09,-3.6667,152.4333,78.69,82,87,6.69
423,Juegang,CN,2021-05-30 18:36:09,32.3174,121.1855,68.67,84,100,8.48
424,Kahului,US,2021-05-30 18:33:14,20.8947,-156.47,80.83,73,20,3.44
425,Nhulunbuy,AU,2021-05-30 18:36:10,-12.2333,136.7667,75.2,83,40,8.05
426,Kloulklubed,PW,2021-05-30 18:36:10,7.0419,134.2556,81.1,78,100,23.96
427,Brasileia,BR,2021-05-30 18:36:10,-11.0161,-68.7481,82.4,74,75,8.05
428,Syamzha,RU,2021-05-30 18:36:11,60.0158,41.0614,36.66,71,0,4.7
429,Tabou,CI,2021-05-30 18:36:11,4.423,-7.3528,79.52,83,100,7.56
430,Santa Isabel Do Rio Negro,BR,2021-05-30 18:36:11,-0.4139,-65.0192,86.4,67,46,4.14
431,Atbasar,KZ,2021-05-30 18:36:12,51.8,68.3333,68.07,69,100,1.41
432,La Peca,PE,2021-05-30 18:36:12,-5.6111,-78.435,82.67,56,49,2.95
433,Viterbo,IT,2021-05-30 18:36:13,42.4167,12.0833,69.84,35,0,14.97
434,Mujiayingzi,CN,2021-05-30 18:36:13,42.1167,118.7833,60.08,53,100,6.85
435,Sao Lourenco Do Sul,BR,2021-05-30 18:36:14,-31.3653,-51.9783,59.05,43,0,6.58
436,Essau,GM,2021-05-30 18:36:14,13.4839,-16.5347,73.62,81,50,17.13
437,Canico,PT,2021-05-30 18:36:15,32.6333,-16.85,69.71,74,20,8.32
438,Ipameri,BR,2021-05-30 18:36:15,-17.7219,-48.1597,87.17,30,100,3.22
439,Powell River,CA,2021-05-30 18:36:15,49.8496,-124.5361,60.33,94,90,2.3
440,Tommot,RU,2021-05-30 18:36:16,58.9564,126.2925,46.56,82,26,1.1
441,Nouakchott,MR,2021-05-30 18:36:16,18.0858,-15.9785,75.13,64,32,24.81
442,Kjollefjord,NO,2021-05-30 18:36:16,70.9457,27.3465,42.85,93,75,21.5
443,Qaqortoq,GL,2021-05-30 18:36:17,60.7167,-46.0333,48.7,65,4,3.2
444,Tazovskiy,RU,2021-05-30 18:36:17,67.4667,78.7,36.95,92,100,9.24
445,Tandil,AR,2021-05-30 18:36:18,-37.3217,-59.1332,52.65,46,76,10.8
446,Vanderhoof,CA,2021-05-30 18:35:39,54.0166,-124.0198,51.91,68,100,3.56
447,Acarau,BR,2021-05-30 18:36:18,-2.8856,-40.12,82.24,71,8,14.7
448,Praia Da Vitoria,PT,2021-05-30 18:36:18,38.7333,-27.0667,68.25,73,40,12.37
449,Teeli,RU,2021-05-30 18:36:19,51.0333,90.2333,46.96,48,75,1.5
450,Lodja,CD,2021-05-30 18:36:19,-3.4833,23.4333,76.91,47,95,2.13
451,Beitbridge,ZW,2021-05-30 18:36:20,-22.2167,30.0,66.9,35,3,9.89
452,Ayan,RU,2021-05-30 18:36:20,56.45,138.1667,36.9,96,98,4.05
453,Bonthe,SL,2021-05-30 18:36:21,7.5264,-12.505,80.2,82,100,10.09
454,Mananara,MG,2021-05-30 18:36:21,-16.1667,49.7667,71.04,93,27,3.29
455,Port-Gentil,GA,2021-05-30 18:36:21,-0.7193,8.7815,80.56,83,40,13.8
456,Cayenne,GF,2021-05-30 18:36:22,4.9333,-52.3333,82.99,83,0,10.36
457,Beringovskiy,RU,2021-05-30 18:36:22,63.05,179.3167,35.73,75,14,9.4
458,Saint-Leu,RE,2021-05-30 18:36:22,-21.15,55.2833,70.63,76,4,2.91
459,Vila Do Maio,CV,2021-05-30 18:36:23,15.1333,-23.2167,78.8,57,0,16.11
460,Necochea,AR,2021-05-30 18:36:23,-38.5473,-58.7368,55.0,41,99,14.09
461,Saint-Marc,HT,2021-05-30 18:36:24,19.1082,-72.6938,84.56,63,18,7.52
462,Ulladulla,AU,2021-05-30 18:36:24,-35.35,150.4667,46.87,82,1,4.79
463,Port Hope,US,2021-05-30 18:36:25,43.9408,-82.7127,64.4,62,0,6.91
464,Humen,CN,2021-05-30 18:36:25,22.819,113.6731,86.0,81,100,7.54
465,Vallenar,CL,2021-05-30 18:36:25,-28.5708,-70.7581,81.57,24,0,6.46
466,Angren,UZ,2021-05-30 18:36:26,41.0167,70.1436,71.92,39,2,3.91
467,Sheridan,US,2021-05-30 18:36:26,44.8333,-106.9173,68.7,34,1,4.0
468,Beboto,TD,2021-05-30 18:36:27,8.2668,16.939,88.25,38,78,2.57
469,Ahipara,NZ,2021-05-30 18:36:27,-35.1667,173.1667,57.2,83,74,23.96
470,Sao Paulo De Olivenca,BR,2021-05-30 18:36:27,-3.3783,-68.8725,86.38,65,100,2.24
471,Riohacha,CO,2021-05-30 18:36:28,11.5444,-72.9072,88.45,53,93,16.82
472,Hobyo,SO,2021-05-30 18:36:28,5.3505,48.5268,79.34,83,67,23.49
473,Qianan,CN,2021-05-30 18:36:29,44.9932,124.0581,57.63,67,83,6.04
474,Kuah,MY,2021-05-30 18:36:29,6.3265,99.8432,82.38,94,20,6.04
475,Esil,KZ,2021-05-30 18:36:29,51.9556,66.4042,66.36,76,93,7.7
476,Curup,ID,2021-05-30 18:36:30,-3.4667,102.5333,66.67,99,94,1.92
477,Bereda,ES,2021-05-30 18:35:35,43.2686,-7.5406,67.41,70,11,6.15
478,Barentu,ER,2021-05-30 18:36:30,15.1139,37.5928,91.89,17,10,11.52
479,Sawakin,SD,2021-05-30 18:36:31,19.1059,37.3321,89.74,41,0,7.14
480,Puerto Del Rosario,ES,2021-05-30 18:36:31,28.5004,-13.8627,73.08,73,40,17.27
481,Camopi,GF,2021-05-30 18:32:10,3.1655,-52.3158,81.21,89,95,3.67
482,Madukkur,IN,2021-05-30 18:36:32,10.4833,79.4,85.84,59,53,8.63
483,Tura,IN,2021-05-30 18:34:10,25.5198,90.2201,73.65,96,98,4.14
484,Normal,US,2021-05-30 18:32:47,40.5142,-88.9906,69.03,40,4,8.01
485,Mayo,US,2021-05-30 18:36:32,38.8876,-76.5119,56.07,83,90,7.0
486,Luang Prabang,LA,2021-05-30 18:36:33,19.8856,102.1347,75.99,89,98,1.92
487,Hakkari,TR,2021-05-30 18:36:33,37.5833,44.1667,53.37,47,0,3.8
488,Saveh,IR,2021-05-30 18:36:34,35.0213,50.3566,85.12,11,6,15.17
489,Mhlambanyatsi,SZ,2021-05-30 18:36:34,-26.45,31.0167,44.71,80,93,3.38
490,Port Blair,IN,2021-05-30 18:35:28,11.6667,92.75,81.9,82,100,4.16
491,Richards Bay,ZA,2021-05-30 18:36:35,-28.783,32.0377,62.74,72,97,6.49
492,Poronaysk,RU,2021-05-30 18:36:35,49.2167,143.1167,37.58,78,96,16.71
493,Zhaodong,CN,2021-05-30 18:36:36,46.0833,125.9833,60.8,72,0,6.71
494,Boddam,GB,2021-05-30 18:36:36,57.4667,-1.7833,67.39,90,2,15.77
495,Mogadishu,SO,2021-05-30 18:33:50,2.0371,45.3438,78.57,87,77,16.49
496,Alexandria,EG,2021-05-30 18:33:44,31.2156,29.9553,87.8,33,0,8.05
497,Makakilo City,US,2021-05-30 18:35:52,21.3469,-158.0858,77.68,69,20,4.61
498,Crotone,IT,2021-05-30 18:36:37,39.0851,17.1178,64.4,77,0,12.66
499,Takaka,NZ,2021-05-30 18:36:37,-40.85,172.8,48.97,83,100,4.21
500,Kimbe,PG,2021-05-30 18:36:38,-5.5502,150.1429,75.63,94,24,4.41
501,Manokwari,ID,2021-05-30 18:36:38,-0.8667,134.0833,79.92,79,100,1.92
502,Porto Novo,BJ,2021-05-30 18:36:39,6.4965,2.6036,82.4,89,40,9.22
503,Bushehr,IR,2021-05-30 18:36:39,28.9684,50.8385,91.49,52,0,11.5
504,Manggar,ID,2021-05-30 18:36:39,-2.8833,108.2667,80.51,81,9,4.14
505,Rayachoti,IN,2021-05-30 18:36:40,14.05,78.75,87.71,50,100,11.1
506,High Level,CA,2021-05-30 18:36:40,58.5169,-117.136,66.31,42,75,4.76
507,Xichang,CN,2021-05-30 18:36:41,27.8964,102.2634,65.41,77,100,3.06
508,Zhanaozen,KZ,2021-05-30 18:36:41,43.3,52.8,81.27,33,0,10.87
509,Malanje,AO,2021-05-30 18:36:41,-9.5402,16.341,66.16,45,38,2.77
510,Vilkaviskis,LT,2021-05-30 18:36:42,54.6517,23.0322,47.64,80,37,7.29
511,Novorudnyy,RU,2021-05-30 18:36:42,51.5026,58.1873,70.29,73,0,7.38
512,Excelsior Springs,US,2021-05-30 18:36:43,39.3392,-94.2261,66.99,48,1,4.61
513,Poyarkovo,RU,2021-05-30 18:36:43,49.6,128.6833,47.64,96,52,7.23
514,Omboue,GA,2021-05-30 18:36:44,-1.5746,9.2618,76.57,90,84,8.12
515,Japura,ID,2021-05-30 18:36:44,-0.3167,102.35,75.56,93,94,2.13
516,Pemangkat,ID,2021-05-30 18:36:45,1.1667,108.9667,79.86,79,66,2.75
517,Kamenka,RU,2021-05-30 18:36:45,51.3223,42.7678,60.06,96,73,10.31
518,Jiazi,CN,2021-05-30 18:36:45,22.8779,116.067,80.37,88,100,0.78
519,Maltahohe,NA,2021-05-30 18:36:46,-24.8333,16.9833,58.89,28,19,4.97
520,Puerto Baquerizo Moreno,EC,2021-05-30 18:35:58,-0.9,-89.6,79.79,65,20,18.41
521,Ico,BR,2021-05-30 18:36:46,-6.4011,-38.8622,92.25,29,56,7.25
522,Belyy Yar,RU,2021-05-30 18:36:47,53.6039,91.3903,46.29,76,0,6.6
523,Santa Maria,BR,2021-05-30 18:36:19,-29.6842,-53.8069,58.3,38,0,3.56
524,Atherton,GB,2021-05-30 18:36:47,53.5237,-2.4935,69.35,64,0,7.31
525,Honiara,SB,2021-05-30 18:36:48,-9.4333,159.95,76.3,89,99,3.27
526,Brandon,US,2021-05-30 18:36:48,27.9378,-82.2859,93.33,59,1,1.99
527,Turukhansk,RU,2021-05-30 18:36:48,65.8167,87.9833,48.09,74,100,23.71
528,Timmins,CA,2021-05-30 18:36:49,48.4669,-81.3331,71.6,18,20,13.8
529,Texarkana,US,2021-05-30 18:36:49,33.4251,-94.0477,71.74,59,20,5.75
530,Dvinskoy,RU,2021-05-30 18:36:50,62.1535,45.1175,35.83,77,9,3.98
531,Ballina,AU,2021-05-30 18:36:50,-28.8667,153.5667,57.24,77,75,8.05
532,Tevriz,RU,2021-05-30 18:36:50,57.509,72.4042,58.64,73,3,5.68
533,Klaksvik,FO,2021-05-30 18:36:51,62.2266,-6.589,56.32,92,16,19.15
534,Kalianget,ID,2021-05-30 18:36:51,-7.05,113.9333,79.29,82,100,4.0
535,Lamu,KE,2021-05-30 18:36:51,-2.2717,40.902,79.02,83,11,11.45
536,Tottori,JP,2021-05-30 18:36:52,35.5,134.2333,55.22,84,0,5.5
537,Oranjemund,NA,2021-05-30 18:36:52,-28.55,16.4333,56.12,88,0,10.87
538,Boffa,GN,2021-05-30 18:36:53,10.1667,-14.0333,80.13,73,100,7.67
539,Tanete,ID,2021-05-30 18:36:53,-3.9443,119.7848,74.23,95,15,3.33
540,Zugdidi,GE,2021-05-30 18:36:53,42.5088,41.8709,60.03,96,0,2.66
541,Tigil,RU,2021-05-30 18:33:10,57.8,158.6667,39.97,70,12,3.0
542,Southern Pines,US,2021-05-30 18:36:54,35.174,-79.3923,66.78,68,90,9.22
543,Dingle,PH,2021-05-30 18:35:10,10.9995,122.6711,78.31,89,100,1.19
544,Havre-Saint-Pierre,CA,2021-05-30 18:36:54,50.2334,-63.5986,59.36,47,1,9.22
545,Aksarka,RU,2021-05-30 18:36:55,66.5606,67.7975,36.7,64,8,12.26
546,Gambela,ET,2021-05-30 18:36:55,8.25,34.5833,79.81,60,4,4.07
547,Belmonte,BR,2021-05-30 18:36:56,-15.8631,-38.8828,82.9,67,18,7.45
548,Ocho Rios,JM,2021-05-30 18:36:56,18.4025,-77.1048,87.55,68,19,13.44
549,Rognan,NO,2021-05-30 18:36:56,67.0953,15.3878,46.54,90,100,2.73
550,Khawhai,IN,2021-05-30 18:36:57,23.3667,93.1167,60.37,96,6,1.3
551,Bafra,TR,2021-05-30 18:36:57,41.5678,35.9069,62.6,88,40,1.14
552,Aykhal,RU,2021-05-30 18:36:58,66.0,111.5,49.15,48,15,4.03
553,Suntar,RU,2021-05-30 18:36:58,62.1444,117.6319,49.42,77,92,3.29
554,Brzesko,PL,2021-05-30 18:36:59,49.9691,20.6061,57.25,91,99,5.61
555,Ivybridge,GB,2021-05-30 18:36:59,50.3904,-3.9191,62.06,84,3,7.16
556,Qeshm,IR,2021-05-30 18:36:59,26.9581,56.2719,87.8,70,0,9.22
557,Ewa Beach,US,2021-05-30 18:37:00,21.3156,-158.0072,79.09,69,20,4.61
558,Kazerun,IR,2021-05-30 18:37:00,29.6195,51.6541,83.26,10,0,1.74
559,San Francisco,US,2021-05-30 18:36:26,37.7749,-122.4194,69.01,63,20,4.61
560,Malysheva,RU,2021-05-30 18:37:01,57.1185,61.4035,64.38,97,100,6.38
561,Bismarck,US,2021-05-30 18:37:02,46.8083,-100.7837,73.4,27,40,16.11
562,Yanam,IN,2021-05-30 18:37:02,16.7333,82.2167,83.97,82,6,3.98
563,Rongcheng,CN,2021-05-30 18:37:02,30.634,117.8517,71.74,93,100,2.55
564,Hedaru,TZ,2021-05-30 18:37:03,-4.5,37.9,72.68,65,87,4.16
565,Revuca,SK,2021-05-30 18:37:03,48.6835,20.1173,52.57,94,100,3.38
566,Yokadouma,CM,2021-05-30 18:37:04,3.5167,15.05,73.27,89,100,0.76
567,Berlevag,NO,2021-05-30 18:37:04,70.8578,29.0864,42.75,75,75,19.57
568,Suratgarh,IN,2021-05-30 18:37:04,29.3167,73.9,93.85,26,0,8.48
569,Husavik,IS,2021-05-30 18:37:05,66.0449,-17.3389,57.11,56,98,10.98
570,Kemijarvi,FI,2021-05-30 18:37:05,66.7131,27.4306,53.15,58,100,9.82
571,Falkenberg,SE,2021-05-30 18:37:05,56.9055,12.4912,64.54,80,5,4.43
572,Kemin,KG,2021-05-30 18:37:06,42.7846,75.6892,59.68,81,100,5.95
573,Bambanglipuro,ID,2021-05-30 18:34:25,-7.95,110.2833,62.6,87,66,3.4
574,Tessalit,ML,2021-05-30 18:34:39,20.1986,1.0114,100.96,7,100,10.54
575,Lynn Haven,US,2021-05-30 18:37:07,30.2455,-85.6483,84.97,43,1,4.0
576,Sokoni,TZ,2021-05-30 18:37:08,-6.4333,39.55,78.8,83,20,5.75
577,Camocim,BR,2021-05-30 18:37:08,-2.9022,-40.8411,83.14,71,51,13.22
578,Isla Aguada,MX,2021-05-30 18:37:09,18.7833,-91.4667,89.64,60,34,6.44
579,Bayanday,RU,2021-05-30 18:37:09,53.0661,105.5139,32.65,72,93,2.86
580,Bakel,SN,2021-05-30 18:37:09,14.905,-12.4568,101.86,18,33,4.27
581,Sabang,ID,2021-05-30 18:37:10,5.8933,95.3214,83.59,71,100,17.45
582,Sanlucar La Mayor,ES,2021-05-30 18:37:10,37.3871,-6.2011,86.41,42,100,5.01
583,Galle,LK,2021-05-30 18:37:10,6.0367,80.217,80.28,85,82,16.17
584,Kuruman,ZA,2021-05-30 18:37:11,-27.4524,23.4325,47.98,31,100,3.31
585,Anjiang,CN,2021-05-30 18:37:11,27.3194,110.1031,68.05,91,99,1.12
