City ID,City,Lat,Lng,Max Temp,Humidity,Cloudiness,Wind Speed,Country,Date
0,Contamana,-7.3333,-75.0167,80.91,79,100,2.73,PE,2021-06-06 21:39:19
1,Pitimbu,-7.4706,-34.8086,77.59,83,39,11.9,BR,2021-06-06 21:39:19
2,Hobart,-42.8794,147.3294,52.11,82,75,7.27,AU,2021-06-06 21:30:17
3,Cape Town,-33.9258,18.4232,68.41,32,0,10.8,ZA,2021-06-06 21:29:17
4,Punta Arenas,-53.15,-70.9167,41.11,75,0,11.83,CL,2021-06-06 21:31:10
5,Lavrentiya,65.5833,-171.0,34.61,92,100,3.6,RU,2021-06-06 21:39:20
6,Hilo,19.7297,-155.09,78.53,76,75,12.66,US,2021-06-06 21:39:21
7,Yantarnyy,54.8717,19.9381,53.46,73,78,7.85,RU,2021-06-06 21:39:21
8,Saint George,37.1041,-113.5841,104.47,11,1,8.01,US,2021-06-06 21:35:58
9,Airai,-8.9266,125.4092,55.11,78,54,2.71,TL,2021-06-06 21:31:18
10,Chokurdakh,70.6333,147.9167,38.05,71,99,6.13,RU,2021-06-06 21:39:22
11,Luderitz,-26.6481,15.1594,69.28,31,0,9.31,NA,2021-06-06 21:39:22
12,Namibe,-15.1961,12.1522,74.07,54,50,8.39,AO,2021-06-06 21:39:22
13,Touros,-5.1989,-35.4608,76.1,85,14,12.84,BR,2021-06-06 21:36:35
14,Petropavlovsk-Kamchatskiy,53.0452,158.6483,43.39,100,90,1.88,RU,2021-06-06 21:39:23
15,Narsaq,60.9167,-46.05,57.42,64,100,1.34,GL,2021-06-06 21:31:37
16,Bestobe,52.4994,73.0975,58.71,40,3,6.58,KZ,2021-06-06 21:39:24
17,Hofn,64.2539,-15.2082,47.1,95,94,12.33,IS,2021-06-06 21:39:24
18,Tasiilaq,65.6145,-37.6368,42.96,91,98,5.12,GL,2021-06-06 21:31:30
19,Provideniya,64.3833,-173.3,44.71,61,75,0.0,RU,2021-06-06 21:31:23
20,Atasu,48.6814,71.6433,55.27,38,73,9.89,KZ,2021-06-06 21:39:25
21,Rikitea,-23.1203,-134.9692,76.64,84,98,15.88,PF,2021-06-06 21:31:31
22,Isangel,-19.55,169.2667,71.71,68,75,11.36,VU,2021-06-06 21:39:26
23,Abu Samrah,35.3029,37.1841,67.3,42,0,7.47,SY,2021-06-06 21:39:26
24,Ratnagiri,16.9833,73.3,82.2,76,82,5.39,IN,2021-06-06 21:39:27
25,Kodiak,57.79,-152.4072,55.63,53,14,6.8,US,2021-06-06 21:38:39
26,Phalaborwa,-23.943,31.1411,58.28,81,22,6.58,ZA,2021-06-06 21:39:27
27,Thompson,55.7435,-97.8558,62.76,67,90,9.22,CA,2021-06-06 21:31:50
28,Jamestown,42.097,-79.2353,87.12,53,40,6.91,US,2021-06-06 21:27:02
29,Chicama,-7.8447,-79.1469,66.74,75,96,6.08,PE,2021-06-06 21:39:28
30,Gigmoto,13.7796,124.39,80.82,81,100,2.35,PH,2021-06-06 21:39:28
31,Lebu,-37.6167,-73.65,49.46,77,96,3.38,CL,2021-06-06 21:39:29
32,Mar Del Plata,-38.0023,-57.5575,54.12,67,0,1.01,AR,2021-06-06 21:29:10
33,Kaitangata,-46.2817,169.8464,47.44,79,89,3.62,NZ,2021-06-06 21:39:29
34,Ushuaia,-54.8,-68.3,38.86,87,20,6.91,AR,2021-06-06 21:30:51
35,East London,-33.0153,27.9116,62.58,39,0,9.62,ZA,2021-06-06 21:31:19
36,New Norfolk,-42.7826,147.0587,51.75,78,100,1.99,AU,2021-06-06 21:31:07
37,Bengkulu,-3.8004,102.2655,73.62,89,29,3.78,ID,2021-06-06 21:31:27
38,Mantua,45.1667,10.7833,69.69,89,100,0.29,IT,2021-06-06 21:39:30
39,Vaini,-21.2,-175.2,77.16,83,75,13.8,TO,2021-06-06 21:31:11
40,Yambio,4.5721,28.3955,67.96,96,100,3.98,SS,2021-06-06 21:39:31
41,Nuuk,64.1835,-51.7216,45.21,87,90,5.75,GL,2021-06-06 21:39:31
42,Sur,22.5667,59.5289,83.89,78,0,13.09,OM,2021-06-06 21:39:32
43,Guerrero Negro,27.9769,-114.0611,71.19,57,83,16.11,MX,2021-06-06 21:31:15
44,Magadi,12.9667,77.2333,73.74,90,100,6.2,IN,2021-06-06 21:39:32
45,Iqaluit,63.7506,-68.5145,37.13,74,75,5.01,CA,2021-06-06 21:39:33
46,Bluff,-46.6,168.3333,49.8,85,66,9.24,NZ,2021-06-06 21:31:14
47,Albany,42.6001,-73.9662,92.12,43,45,7.47,US,2021-06-06 21:31:15
48,Rawson,-43.3002,-65.1023,50.58,48,48,20.65,AR,2021-06-06 21:39:33
49,Rocha,-34.4833,-54.3333,46.89,89,33,3.83,UY,2021-06-06 21:39:34
50,Arraial Do Cabo,-22.9661,-42.0278,75.16,83,40,6.91,BR,2021-06-06 21:31:23
51,Sao Joao Da Barra,-21.6403,-41.0511,78.89,85,100,14.54,BR,2021-06-06 21:39:34
52,Korla,41.7597,86.1469,71.15,38,36,10.4,CN,2021-06-06 21:39:34
53,Atuona,-9.8,-139.0333,79.93,64,63,6.69,PF,2021-06-06 21:31:09
54,Osoyoos,49.0331,-119.4524,62.74,33,100,10.36,CA,2021-06-06 21:39:35
55,San Quintin,30.4833,-115.95,66.11,63,14,11.99,MX,2021-06-06 21:39:36
56,Carnarvon,-24.8667,113.6333,60.87,72,90,6.91,AU,2021-06-06 21:31:06
57,Mataura,-46.1927,168.8643,49.48,83,72,1.99,NZ,2021-06-06 21:31:38
58,Mehamn,71.0357,27.8492,39.11,69,6,0.94,NO,2021-06-06 21:39:37
59,Tuktoyaktuk,69.4541,-133.0374,35.6,69,90,10.36,CA,2021-06-06 21:31:08
60,Tete,-16.1564,33.5867,68.09,68,40,4.61,MZ,2021-06-06 21:39:37
61,Cabo San Lucas,22.8909,-109.9124,101.52,35,1,9.22,MX,2021-06-06 21:39:37
62,Buluang,13.3068,123.3425,78.3,88,100,1.23,PH,2021-06-06 21:39:38
63,Hermanus,-34.4187,19.2345,65.89,43,1,12.03,ZA,2021-06-06 21:31:45
64,Bambous Virieux,-20.3428,57.7575,75.45,83,75,12.71,MU,2021-06-06 21:31:07
65,Kropotkin,45.4375,40.5756,55.13,95,69,8.16,RU,2021-06-06 21:39:39
66,Tilichiki,60.4667,166.1,37.6,97,100,6.82,RU,2021-06-06 21:39:39
67,Leningradskiy,69.3833,178.4167,40.57,77,14,13.73,RU,2021-06-06 21:39:39
68,Puerto Ayora,-0.7393,-90.3518,80.56,88,35,7.0,EC,2021-06-06 21:31:48
69,Dikson,73.5069,80.5464,29.41,90,100,11.92,RU,2021-06-06 21:31:28
70,Ponta Do Sol,32.6667,-17.1,66.83,75,3,4.79,PT,2021-06-06 21:39:41
71,Cidreira,-30.1811,-50.2056,63.14,76,100,10.98,BR,2021-06-06 21:39:42
72,Kapaa,22.0752,-159.319,82.38,71,75,1.99,US,2021-06-06 21:31:50
73,Aginskoye,51.1,114.53,60.4,50,47,1.28,RU,2021-06-06 21:39:42
74,Leshukonskoye,64.8989,45.7622,39.0,67,45,7.09,RU,2021-06-06 21:39:43
75,Olive Branch,34.9618,-89.8295,76.73,85,90,9.22,US,2021-06-06 21:36:09
76,Aklavik,68.2191,-135.0107,43.52,39,13,8.1,CA,2021-06-06 21:39:43
77,Abadan,30.3392,48.3043,100.35,16,0,11.5,IR,2021-06-06 21:39:04
78,Tacna,-18.0056,-70.2483,56.3,75,69,4.34,PE,2021-06-06 21:35:03
79,Port Alfred,-33.5906,26.891,64.6,35,0,8.68,ZA,2021-06-06 21:31:26
80,Beringovskiy,63.05,179.3167,34.97,98,100,4.29,RU,2021-06-06 21:31:41
81,Kazlu Ruda,54.7667,23.5,60.78,88,13,6.69,LT,2021-06-06 21:39:44
82,Castro,-24.7911,-50.0119,60.78,72,95,3.87,BR,2021-06-06 21:31:10
83,Georgetown,5.4112,100.3354,79.9,92,20,1.99,MY,2021-06-06 21:39:09
84,Christchurch,-43.5333,172.6333,48.99,97,90,3.0,NZ,2021-06-06 21:35:39
85,Fairview,40.8126,-73.999,95.74,43,20,5.99,US,2021-06-06 21:39:45
86,Artigas,-30.4,-56.4667,53.22,71,81,15.37,UY,2021-06-06 21:36:26
87,Tiksi,71.6872,128.8694,44.6,62,100,1.45,RU,2021-06-06 21:39:45
88,Norman Wells,65.282,-126.8329,46.44,81,75,5.75,CA,2021-06-06 21:39:46
89,Bredasdorp,-34.5322,20.0403,54.72,44,4,6.64,ZA,2021-06-06 21:31:24
90,Port Lincoln,-34.7333,135.8667,60.46,49,99,24.23,AU,2021-06-06 21:39:46
91,Upernavik,72.7868,-56.1549,37.89,84,70,3.83,GL,2021-06-06 21:31:39
92,Victor Harbor,-35.5667,138.6167,63.46,76,88,23.71,AU,2021-06-06 21:39:47
93,Busselton,-33.65,115.3333,47.08,77,0,8.39,AU,2021-06-06 21:31:22
94,Smithers,54.7804,-127.1743,57.52,54,75,5.75,CA,2021-06-06 21:30:14
95,Qasigiannguit,68.8193,-51.1922,39.45,81,74,3.31,GL,2021-06-06 21:39:47
96,Saint-Philippe,-21.3585,55.7679,72.99,86,74,12.68,RE,2021-06-06 21:31:34
97,Yellowknife,62.456,-114.3525,50.52,53,75,5.01,CA,2021-06-06 21:31:36
98,Am Timan,11.0297,20.2827,79.97,61,98,7.96,TD,2021-06-06 21:39:48
99,Lompoc,34.6391,-120.4579,73.54,76,90,8.99,US,2021-06-06 21:39:49
100,Carmagnola,44.847,7.718,68.83,91,90,0.87,IT,2021-06-06 21:39:49
101,Flinders,-34.5833,150.8552,54.05,85,86,6.53,AU,2021-06-06 21:39:49
102,Longyearbyen,78.2186,15.6401,39.04,70,0,13.8,SJ,2021-06-06 21:31:43
103,Dingle,10.9995,122.6711,76.44,87,100,2.21,PH,2021-06-06 21:31:21
104,Dickinson,29.4608,-95.0513,92.21,69,75,4.0,US,2021-06-06 21:39:50
105,Kavaratti,10.5669,72.642,82.36,77,100,11.54,IN,2021-06-06 21:39:51
106,Deputatskiy,69.3,139.9,41.61,62,7,3.76,RU,2021-06-06 21:39:51
107,Torbay,47.6666,-52.7314,48.27,85,75,14.97,CA,2021-06-06 21:35:29
108,West Bay,19.3667,-81.4167,88.0,72,20,7.0,KY,2021-06-06 21:36:39
109,Sumbe,-11.2061,13.8437,74.07,88,23,5.84,AO,2021-06-06 21:39:52
110,Te Anau,-45.4167,167.7167,39.78,89,15,1.19,NZ,2021-06-06 21:39:52
111,San Francisco,37.7749,-122.4194,87.13,61,20,4.0,US,2021-06-06 21:38:55
112,Oktyabrskiy,54.4815,53.471,54.16,78,4,1.77,RU,2021-06-06 21:39:52
113,Aromashevo,56.8602,68.6375,54.75,63,19,8.16,RU,2021-06-06 21:39:53
114,Vardo,70.3705,31.1107,39.4,74,6,3.65,NO,2021-06-06 21:31:32
115,Palampas,10.5278,123.4047,75.65,75,100,3.62,PH,2021-06-06 21:39:53
116,Kendari,-3.945,122.4989,73.54,94,28,2.89,ID,2021-06-06 21:39:54
117,Qaanaaq,77.484,-69.3632,40.42,79,53,5.48,GL,2021-06-06 21:39:54
118,Naze,28.3667,129.4833,69.55,92,100,4.29,JP,2021-06-06 21:39:56
119,Chadan,51.2833,91.5833,41.5,84,11,3.65,RU,2021-06-06 21:39:56
120,Jumla,29.2747,82.1838,54.99,87,20,3.47,NP,2021-06-06 21:39:03
121,Sikasso,10.9167,-7.0,86.74,44,10,5.23,ML,2021-06-06 21:39:57
122,Yumen,40.2833,97.2,58.3,23,78,12.15,CN,2021-06-06 21:39:57
123,San Cristobal,7.7669,-72.225,71.78,92,100,2.95,VE,2021-06-06 21:39:58
124,Kavieng,-2.5744,150.7967,82.29,75,63,6.2,PG,2021-06-06 21:31:07
125,Samarinda,-0.5,117.15,74.14,98,100,2.15,ID,2021-06-06 21:39:59
126,Ribeira Grande,38.5167,-28.7,65.21,87,100,7.72,PT,2021-06-06 21:39:59
127,Kodinsk,58.6881,99.1844,43.88,86,62,3.76,RU,2021-06-06 21:40:00
128,Tupik,54.4253,119.9327,61.39,63,5,5.08,RU,2021-06-06 21:40:00
129,Avarua,-21.2078,-159.775,75.25,64,75,4.61,CK,2021-06-06 21:31:08
130,College,64.8569,-147.8028,70.47,45,75,4.61,US,2021-06-06 21:35:13
131,Saravan,39.7196,45.6483,57.85,50,0,4.99,AM,2021-06-06 21:40:01
132,Esperance,-33.8667,121.9,53.44,60,100,29.04,AU,2021-06-06 21:40:02
133,Severo-Kurilsk,50.6789,156.125,42.64,94,100,10.29,RU,2021-06-06 21:31:31
134,Kutum,14.2,24.6667,79.7,16,8,8.77,SD,2021-06-06 21:40:10
135,Menongue,-14.6585,17.691,51.75,59,52,4.56,AO,2021-06-06 21:40:10
136,Peterhead,57.5058,-1.7981,54.12,83,99,3.18,GB,2021-06-06 21:40:10
137,Hearst,49.6835,-83.6665,88.05,51,100,13.15,CA,2021-06-06 21:40:11
138,Lac-Megantic,45.5834,-70.8823,84.13,79,48,7.94,CA,2021-06-06 21:40:11
139,Ilulissat,69.2167,-51.1,39.22,81,83,5.75,GL,2021-06-06 21:31:38
140,Kalaleh,37.3807,55.4916,67.6,83,20,4.61,IR,2021-06-06 21:36:54
141,Swindon,51.558,-1.7812,61.92,93,5,3.47,GB,2021-06-06 21:40:12
142,Nikolayevka,53.1257,47.2041,56.3,94,84,1.34,RU,2021-06-06 21:40:12
143,Jieshi,22.8134,115.8257,76.57,84,18,16.62,CN,2021-06-06 21:40:13
144,Khatanga,71.9667,102.5,33.93,93,96,6.98,RU,2021-06-06 21:31:12
145,Pryluky,50.5932,32.3876,54.21,96,82,7.02,UA,2021-06-06 21:40:13
146,Saskylakh,71.9167,114.0833,38.26,60,72,4.29,RU,2021-06-06 21:31:29
147,Ritchie,-29.038,24.6028,47.41,38,0,9.84,ZA,2021-06-06 21:40:14
148,Hasaki,35.7333,140.8333,68.29,84,100,1.79,JP,2021-06-06 21:31:35
149,San Policarpo,12.1791,125.5072,77.92,87,100,3.98,PH,2021-06-06 21:40:15
150,Banda Aceh,5.5577,95.3222,79.45,73,100,13.27,ID,2021-06-06 21:40:15
151,Tazovskiy,67.4667,78.7,32.31,84,98,8.77,RU,2021-06-06 21:40:16
152,Bell Ville,-32.6259,-62.6887,51.8,60,95,7.36,AR,2021-06-06 21:40:16
153,Palatka,29.6486,-81.6376,93.34,66,96,8.84,US,2021-06-06 21:40:16
154,Barrow,71.2906,-156.7887,30.22,93,90,13.8,US,2021-06-06 21:31:54
155,Nome,64.5011,-165.4064,39.16,80,75,12.66,US,2021-06-06 21:40:17
156,Arlit,18.7369,7.3853,94.51,12,43,11.45,NE,2021-06-06 21:40:17
157,High Level,58.5169,-117.136,64.51,48,75,10.13,CA,2021-06-06 21:40:17
158,Gat,31.61,34.7642,70.48,72,0,1.66,IL,2021-06-06 21:40:18
159,Sann,26.0418,68.1378,87.71,65,1,18.52,PK,2021-06-06 21:40:18
160,Puerto Baquerizo Moreno,-0.9,-89.6,77.99,78,75,13.8,EC,2021-06-06 21:40:19
161,Trinidad,-14.8333,-64.9,78.78,83,75,9.22,BO,2021-06-06 21:40:19
162,Beipiao,41.7919,120.7792,65.57,55,81,2.89,CN,2021-06-06 21:40:19
163,Comodoro Rivadavia,-45.8667,-67.5,49.86,53,0,12.66,AR,2021-06-06 21:35:44
164,Anito,12.4497,125.2886,77.14,90,90,3.78,PH,2021-06-06 21:40:21
165,Jutai,-5.1833,-68.9,77.18,93,72,1.88,BR,2021-06-06 21:40:21
166,Arenapolis,-14.4503,-56.8461,80.64,45,94,3.2,BR,2021-06-06 21:40:22
167,Souillac,-20.5167,57.5167,75.58,83,75,11.56,MU,2021-06-06 21:40:22
168,Pisco,-13.7,-76.2167,66.25,77,20,8.05,PE,2021-06-06 21:40:22
169,Havoysund,70.9963,24.6622,40.08,67,3,8.63,NO,2021-06-06 21:40:23
170,Fairbanks,64.8378,-147.7164,70.48,44,40,0.0,US,2021-06-06 21:39:50
171,Hirado,33.3597,129.5531,73.38,81,100,7.63,JP,2021-06-06 21:40:23
172,Kidal,18.4411,1.4078,95.86,15,5,4.16,ML,2021-06-06 21:40:23
173,Belaya Gora,68.5333,146.4167,41.38,72,100,5.57,RU,2021-06-06 21:40:24
174,Puerto Madryn,-42.7692,-65.0385,50.79,48,32,23.91,AR,2021-06-06 21:35:45
175,Rundu,-17.9333,19.7667,49.98,56,2,6.93,NA,2021-06-06 21:40:24
176,Dunedin,-45.8742,170.5036,48.79,89,98,1.01,NZ,2021-06-06 21:38:06
177,Tubuala,9.5167,-79.0333,84.31,80,74,8.7,PA,2021-06-06 21:40:25
178,Solhan,38.9634,41.0293,49.14,55,0,3.2,TR,2021-06-06 21:40:25
179,Tevaitoa,-16.7833,-151.5,80.71,76,67,11.25,PF,2021-06-06 21:40:27
180,Tavda,58.0425,65.2726,60.46,65,94,4.16,RU,2021-06-06 21:40:28
181,Lengshuitan,26.4111,111.5956,68.14,85,3,2.26,CN,2021-06-06 21:40:28
182,Elk Plain,47.0532,-122.3976,53.94,88,20,1.01,US,2021-06-06 21:40:28
183,Kamalia,30.7333,72.65,93.97,30,0,6.93,PK,2021-06-06 21:40:29
184,Caravelas,-17.7125,-39.2481,72.84,85,6,4.81,BR,2021-06-06 21:40:29
185,Acapulco,16.8634,-99.8901,91.22,62,75,10.38,MX,2021-06-06 21:37:37
186,Nagapattinam,10.7667,79.8333,82.22,82,94,11.59,IN,2021-06-06 21:40:30
187,Cristalina,-16.7686,-47.6136,65.57,53,100,4.79,BR,2021-06-06 21:40:30
188,Monsenhor Gil,-5.5642,-42.6078,86.99,56,64,3.38,BR,2021-06-06 21:40:30
189,Victoria,22.2855,114.1577,82.45,85,39,5.99,HK,2021-06-06 21:27:21
190,Bethel,41.3712,-73.414,93.4,48,1,9.22,US,2021-06-06 21:30:58
191,Florencia,43.7667,11.25,71.28,72,75,3.44,IT,2021-06-06 21:40:31
192,Butaritari,3.0707,172.7902,82.4,73,13,7.96,KI,2021-06-06 21:31:13
193,Port Hardy,50.6996,-127.4199,55.58,71,75,14.97,CA,2021-06-06 21:40:32
194,Corowa,-36.0333,146.3833,48.42,91,100,7.43,AU,2021-06-06 21:40:32
195,Laguna,38.421,-121.4238,94.91,31,1,5.99,US,2021-06-06 21:31:10
196,Katsuura,35.1333,140.3,72.1,90,99,2.15,JP,2021-06-06 21:40:33
197,Lauffen,47.6724,13.6158,61.16,100,100,2.01,AT,2021-06-06 21:40:33
198,Dashitou,43.3067,128.5114,52.99,92,5,1.83,CN,2021-06-06 21:40:33
199,Reims,49.1667,4.0833,59.74,94,20,4.61,FR,2021-06-06 21:40:34
200,Bastia,42.6667,9.3333,66.0,94,100,0.94,FR,2021-06-06 21:40:34
201,Sibolga,1.7427,98.7792,74.84,79,82,3.67,ID,2021-06-06 21:40:34
202,Port Lavaca,28.615,-96.6261,90.28,70,75,12.66,US,2021-06-06 21:38:11
203,Pevek,69.7008,170.3133,47.37,68,35,12.77,RU,2021-06-06 21:40:35
204,Surin,14.8818,103.4936,79.61,76,100,10.33,TH,2021-06-06 21:40:35
205,Danilovka,50.3557,44.1168,56.28,89,68,4.43,RU,2021-06-06 21:40:37
206,Egvekinot,66.3167,-179.1667,37.18,63,8,1.5,RU,2021-06-06 21:40:37
207,Hamilton,39.1834,-84.5333,84.15,66,20,5.99,US,2021-06-06 21:39:06
208,Fortuna,40.5982,-124.1573,72.48,55,1,5.01,US,2021-06-06 21:40:38
209,Lahat,-3.8,103.5333,70.23,92,34,2.59,ID,2021-06-06 21:40:38
210,Paris,48.8534,2.3488,66.15,74,20,5.01,FR,2021-06-06 21:39:03
211,Port Elizabeth,-33.918,25.5701,59.09,81,20,4.61,ZA,2021-06-06 21:38:28
212,Rantoul,40.3084,-88.1559,83.98,58,40,11.5,US,2021-06-06 21:40:39
213,Tromso,69.6496,18.957,54.25,46,0,10.36,NO,2021-06-06 21:31:48
214,Port Blair,11.6667,92.75,83.88,76,100,12.15,IN,2021-06-06 21:40:39
215,Grao Mogol,-16.5594,-42.8897,67.28,59,49,3.94,BR,2021-06-06 21:40:40
216,Tari,12.4086,4.4914,79.7,66,100,7.45,NG,2021-06-06 21:40:40
217,Henties Bay,-22.116,14.2845,76.86,45,0,1.86,NA,2021-06-06 21:40:40
218,Manokwari,-0.8667,134.0833,78.28,80,100,2.13,ID,2021-06-06 21:40:41
219,San Andres,12.5847,-81.7006,86.02,74,40,18.41,CO,2021-06-06 21:40:41
220,Assiniboia,49.6334,-105.9845,71.42,20,29,22.57,CA,2021-06-06 21:40:42
221,Edd,13.9297,41.6925,87.04,70,61,6.98,ER,2021-06-06 21:40:42
222,Belmonte,-15.8631,-38.8828,77.5,87,12,6.82,BR,2021-06-06 21:40:42
223,Hualmay,-11.0964,-77.6139,66.81,76,36,10.96,PE,2021-06-06 21:40:43
224,Irondequoit,43.2134,-77.5797,89.8,35,40,13.27,US,2021-06-06 21:40:43
225,Bogovarovo,58.9785,47.0246,57.18,74,45,3.69,RU,2021-06-06 21:40:43
226,Labytnangi,66.6572,66.4183,33.49,72,7,6.02,RU,2021-06-06 21:40:44
227,Renala Khurd,30.8833,73.6,93.38,28,0,6.51,PK,2021-06-06 21:40:44
228,Vela,44.2833,23.4167,64.4,86,72,5.66,RO,2021-06-06 21:40:44
229,Santa Quiteria,-4.3319,-40.1567,79.5,57,71,2.8,BR,2021-06-06 21:40:45
230,Grindavik,63.8424,-22.4338,48.67,87,75,14.79,IS,2021-06-06 21:40:45
231,Dakar,14.6937,-17.4441,77.88,78,3,6.91,SN,2021-06-06 21:40:22
232,Azare,11.6765,10.1948,85.87,44,96,14.32,NG,2021-06-06 21:40:46
233,Nelipyno,48.561,23.0315,57.25,91,9,5.28,UA,2021-06-06 21:40:46
234,Aci Castello,37.5583,15.1346,75.94,31,0,3.0,IT,2021-06-06 21:40:46
235,Honningsvag,70.9821,25.9704,39.96,71,3,6.55,NO,2021-06-06 21:40:47
236,Pangnirtung,66.1451,-65.7125,34.27,90,21,3.49,CA,2021-06-06 21:40:47
237,Haines Junction,60.7522,-137.5108,57.15,54,100,9.22,CA,2021-06-06 21:40:47
238,Malazgirt,39.1427,42.5401,47.23,64,0,1.77,TR,2021-06-06 21:40:48
239,Khatra,22.9833,86.85,87.24,51,98,7.18,IN,2021-06-06 21:40:49
240,Bondoukou,8.0333,-2.8,76.28,80,14,4.09,CI,2021-06-06 21:40:50
241,Nanortalik,60.1432,-45.2371,44.83,72,100,15.12,GL,2021-06-06 21:31:22
242,Buala,-8.145,159.5921,83.25,74,56,7.36,SB,2021-06-06 21:31:29
243,Lanzhou,36.0564,103.7922,52.88,60,94,4.41,CN,2021-06-06 21:40:30
244,Lehi,40.3916,-111.8508,92.53,22,42,8.99,US,2021-06-06 21:40:10
245,Makakilo City,21.3469,-158.0858,82.72,52,75,8.05,US,2021-06-06 21:40:51
246,Maarianhamina,60.0973,19.9348,55.26,71,0,1.14,AX,2021-06-06 21:40:51
247,Xichang,27.8964,102.2634,65.07,97,98,1.95,CN,2021-06-06 21:40:51
248,Mahebourg,-20.4081,57.7,75.49,83,75,10.36,MU,2021-06-06 21:40:52
249,Goderich,43.7501,-81.7165,86.32,42,12,11.5,CA,2021-06-06 21:40:52
250,Fanai,38.517,44.9745,61.77,32,0,1.97,IR,2021-06-06 21:40:53
251,Mogzon,51.7435,111.9606,48.61,85,94,3.06,RU,2021-06-06 21:40:53
252,Portland,45.5234,-122.6762,63.45,59,90,3.0,US,2021-06-06 21:30:35
253,Srinagar,34.0833,74.8167,62.02,66,1,2.19,IN,2021-06-06 21:40:54
254,Mount Gambier,-37.8333,140.7667,55.31,71,100,14.97,AU,2021-06-06 21:40:54
255,Ahipara,-35.1667,173.1667,59.49,89,100,11.77,NZ,2021-06-06 21:31:40
256,Hastings,50.8552,0.5729,60.33,83,28,4.07,GB,2021-06-06 21:36:33
257,Grand Forks,47.9417,-97.4337,85.93,23,1,16.11,US,2021-06-06 21:40:55
258,Vila Franca Do Campo,37.7167,-25.4333,64.81,85,99,2.73,PT,2021-06-06 21:31:24
259,Hithadhoo,-0.6,73.0833,82.65,73,9,12.03,MV,2021-06-06 21:31:19
260,Aykhal,66.0,111.5,36.97,79,92,25.3,RU,2021-06-06 21:40:56
261,Coihaique,-45.5752,-72.0662,45.21,76,75,6.91,CL,2021-06-06 21:31:49
262,Chuy,-33.6971,-53.4616,50.77,79,98,5.32,UY,2021-06-06 21:40:56
263,Komsomolskiy,40.4272,71.7189,84.92,23,77,18.41,UZ,2021-06-06 21:40:57
264,Itambe,-15.245,-40.6244,67.71,96,99,1.1,BR,2021-06-06 21:39:27
265,Geraldton,-28.7667,114.6,55.81,82,93,18.59,AU,2021-06-06 21:40:57
266,Itaperucu,-25.22,-49.3478,62.01,93,94,4.9,BR,2021-06-06 21:40:57
267,Namatanai,-3.6667,152.4333,81.05,81,100,3.76,PG,2021-06-06 21:40:58
268,Inuvik,68.3499,-133.7218,43.56,52,20,9.22,CA,2021-06-06 21:40:58
269,Rock Sound,24.9,-76.2,79.21,81,100,16.44,BS,2021-06-06 21:40:59
270,Mezhdurechenskiy,59.6,65.9333,54.79,93,65,4.09,RU,2021-06-06 21:40:59
271,Hue,16.4667,107.6,82.51,83,20,4.27,VN,2021-06-06 21:41:00
272,Meulaboh,4.1363,96.1285,74.44,88,100,4.9,ID,2021-06-06 21:41:00
273,Hobyo,5.3505,48.5268,78.35,89,24,24.7,SO,2021-06-06 21:41:00
274,Bambanglipuro,-7.95,110.2833,75.67,91,16,2.39,ID,2021-06-06 21:41:01
275,San Jeronimo,-11.9472,-75.2829,58.23,57,65,3.85,PE,2021-06-06 21:41:01
276,San Simon De La Laguna,19.3,-100.0833,63.84,71,100,3.76,MX,2021-06-06 21:41:03
277,Manono,-7.3,27.4167,74.73,54,91,7.4,CD,2021-06-06 21:41:03
278,Taoudenni,22.6783,-3.9836,103.03,8,89,3.96,ML,2021-06-06 21:41:03
279,Tlaltizapan,18.6833,-99.1167,88.23,35,55,2.86,MX,2021-06-06 21:41:04
280,Touho,-20.7833,165.2333,70.27,58,69,4.81,NC,2021-06-06 21:41:04
281,Berbera,10.4396,45.0143,92.39,45,0,11.72,SO,2021-06-06 21:41:06
282,Sabha,27.0377,14.4283,83.5,17,60,11.92,LY,2021-06-06 21:41:08
283,Erenhot,43.6475,111.9767,67.68,34,79,7.36,CN,2021-06-06 21:41:08
284,Marawi,7.9986,124.2928,63.64,90,100,2.3,PH,2021-06-06 21:41:09
285,Kollam,8.8833,76.6,80.47,84,44,5.06,IN,2021-06-06 21:41:09
286,Karratha,-20.7377,116.8463,74.43,59,80,8.48,AU,2021-06-06 21:41:11
287,Brigantine,39.4101,-74.3646,93.27,66,1,12.93,US,2021-06-06 21:41:13
288,Gadwal,16.2333,77.8,81.81,67,43,10.36,IN,2021-06-06 21:41:13
289,Campbellton,48.0075,-66.6727,70.25,62,79,6.64,CA,2021-06-06 21:41:15
290,Berlevag,70.8578,29.0864,39.15,70,0,4.61,NO,2021-06-06 21:31:20
291,Celestun,20.8667,-90.4,84.88,74,95,16.11,MX,2021-06-06 21:41:16
292,Balabac,7.9868,117.0645,82.53,80,100,8.12,PH,2021-06-06 21:41:16
293,Yurgamysh,55.3714,64.4656,54.46,58,53,5.86,RU,2021-06-06 21:41:16
294,Ancud,-41.8697,-73.8203,51.22,83,100,16.13,CL,2021-06-06 21:41:17
295,Nantucket,41.2835,-70.0995,84.54,68,1,11.5,US,2021-06-06 21:39:45
296,Talaya,61.3833,152.75,50.45,61,20,9.8,RU,2021-06-06 21:41:17
297,Svetlogorsk,52.6333,29.7333,55.44,94,64,6.17,BY,2021-06-06 21:41:18
298,Alofi,-19.0595,-169.9187,78.69,69,60,8.05,NU,2021-06-06 21:41:18
299,Avera,33.194,-82.5271,89.47,88,100,5.77,US,2021-06-06 21:41:18
300,Manzanillo,20.3433,-77.1167,84.33,71,44,5.03,CU,2021-06-06 21:41:19
301,Cherskiy,68.75,161.3,66.52,37,100,19.84,RU,2021-06-06 21:41:19
302,Vao,-22.6667,167.4833,70.03,67,100,16.91,NC,2021-06-06 21:41:19
303,Tatawin,32.9297,10.4518,90.48,27,80,1.68,TN,2021-06-06 21:41:20
304,Tahta,26.7693,31.5021,82.72,22,5,14.05,EG,2021-06-06 21:41:20
305,Balykshi,47.0667,51.8667,62.6,42,40,4.47,KZ,2021-06-06 21:41:21
306,Tuatapere,-46.1333,167.6833,49.82,86,20,4.18,NZ,2021-06-06 21:41:21
307,Vanimo,-2.6741,141.3028,78.01,89,100,5.7,PG,2021-06-06 21:41:22
308,Jiwani,25.05,61.7417,84.24,72,47,7.11,PK,2021-06-06 21:41:22
309,Acarau,-2.8856,-40.12,78.17,85,34,9.69,BR,2021-06-06 21:41:22
310,Alyangula,-13.8483,136.4192,71.47,100,90,8.86,AU,2021-06-06 21:41:23
311,Camapua,-19.5314,-54.0439,76.73,40,12,4.09,BR,2021-06-06 21:41:23
312,Mildura,-34.2,142.15,49.96,81,62,11.5,AU,2021-06-06 21:40:07
313,Mangla,31.8931,72.3817,93.94,28,0,4.12,PK,2021-06-06 21:41:24
314,Gorom-Gorom,14.4439,-0.2361,95.5,25,14,7.58,BF,2021-06-06 21:41:24
315,Yar-Sale,66.8333,70.8333,34.56,90,57,8.79,RU,2021-06-06 21:41:24
316,Kasama,-10.2129,31.1808,60.85,61,100,7.31,ZM,2021-06-06 21:41:25
317,Bontang,0.1333,117.5,77.31,89,100,5.66,ID,2021-06-06 21:41:25
318,Huarmey,-10.0681,-78.1522,68.49,75,95,8.88,PE,2021-06-06 21:41:25
319,Itamarandiba,-17.8572,-42.8589,61.0,83,42,3.74,BR,2021-06-06 21:41:26
320,Quelimane,-17.8786,36.8883,64.35,88,0,5.75,MZ,2021-06-06 21:41:26
321,King City,36.2127,-121.126,92.23,22,6,7.56,US,2021-06-06 21:41:27
322,Kishi,9.0833,3.85,73.45,89,100,5.3,NG,2021-06-06 21:41:27
323,Baherden,38.4362,57.4316,79.5,41,0,4.54,TM,2021-06-06 21:41:28
324,Bodden Town,19.2833,-81.25,87.93,52,20,5.01,KY,2021-06-06 21:41:28
325,Ketchikan,55.3422,-131.6461,53.58,87,90,12.66,US,2021-06-06 21:41:29
326,Syava,58.0146,46.3222,55.33,93,5,2.57,RU,2021-06-06 21:41:29
327,Salalah,17.0151,54.0924,84.29,89,40,4.61,OM,2021-06-06 21:41:29
328,Coahuayana,18.7333,-103.6833,96.28,51,82,8.05,MX,2021-06-06 21:41:30
329,Vila Do Maio,15.1333,-23.2167,74.19,88,17,19.24,CV,2021-06-06 21:41:30
330,San Ramon,37.7799,-121.978,88.48,43,1,11.01,US,2021-06-06 21:41:31
331,Port Hedland,-20.3167,118.5667,71.65,37,68,8.05,AU,2021-06-06 21:41:31
332,Salinopolis,-0.6136,-47.3561,78.15,86,43,9.37,BR,2021-06-06 21:41:31
333,Harper,4.375,-7.7169,77.76,89,100,10.69,LR,2021-06-06 21:41:32
334,Maragogi,-9.0122,-35.2225,75.88,84,9,8.21,BR,2021-06-06 21:41:32
335,Chipinge,-20.1883,32.6236,52.36,89,96,5.32,ZW,2021-06-06 21:41:32
336,Palmer,42.1584,-72.3287,92.32,41,75,6.76,US,2021-06-06 21:41:33
337,Carutapera,-1.195,-46.02,75.24,93,15,5.39,BR,2021-06-06 21:41:34
338,Cockburn Town,21.4612,-71.1419,79.86,81,11,21.23,TC,2021-06-06 21:41:34
339,Labuan,5.2767,115.2417,79.16,94,20,1.99,MY,2021-06-06 21:41:35
340,Bilma,18.6853,12.9164,91.89,16,100,5.7,NE,2021-06-06 21:41:35
341,Murmashi,68.8154,32.8115,34.21,86,0,0.0,RU,2021-06-06 21:41:35
342,Santa Maria,-29.6842,-53.8069,56.5,100,90,10.92,BR,2021-06-06 21:41:36
343,Jiayuguan,39.8167,98.3,56.25,25,9,4.54,CN,2021-06-06 21:41:36
344,Muzhi,65.3667,64.6667,36.81,65,7,5.82,RU,2021-06-06 21:41:36
345,Belchatow,51.3688,19.3567,64.06,67,98,6.02,PL,2021-06-06 21:41:37
346,Masaurhi,25.3509,85.0342,84.79,39,36,7.11,IN,2021-06-06 21:41:37
347,Urucara,-2.5364,-57.76,82.85,66,86,1.25,BR,2021-06-06 21:41:37
348,Thinadhoo,0.5333,72.9333,82.36,75,15,11.92,MV,2021-06-06 21:41:38
349,Carhuamayo,-10.9167,-76.0333,42.15,81,85,7.31,PE,2021-06-06 21:41:38
350,Svetlaya,46.5389,138.3297,59.09,69,16,4.0,RU,2021-06-06 21:41:39
351,Rajur,20.1167,78.9167,87.06,58,56,8.7,IN,2021-06-06 21:41:39
352,Mae Ramat,16.984,98.5166,75.13,94,100,1.16,TH,2021-06-06 21:41:39
353,General Roca,-39.0333,-67.5833,52.2,47,100,7.16,AR,2021-06-06 21:41:40
354,Bathsheba,13.2167,-59.5167,81.21,69,40,20.56,BB,2021-06-06 21:41:40
355,Nikolskoye,59.7035,30.7861,61.39,79,66,3.71,RU,2021-06-06 21:41:41
356,Prabumulih,-3.45,104.25,72.34,99,50,2.48,ID,2021-06-06 21:41:41
357,Yeppoon,-23.1333,150.7333,49.78,72,44,8.97,AU,2021-06-06 21:41:42
358,Tabou,4.423,-7.3528,78.26,87,100,10.65,CI,2021-06-06 21:41:42
359,Ponta Delgada,37.7333,-25.6667,65.12,88,20,8.05,PT,2021-06-06 21:41:42
360,Anapskaya,44.89,37.38,62.83,82,75,11.74,RU,2021-06-06 21:41:43
361,Krutinka,56.0055,71.5113,53.35,70,3,8.84,RU,2021-06-06 21:41:43
362,Trairi,-3.2778,-39.2689,78.08,83,12,6.13,BR,2021-06-06 21:40:27
363,Marfino,55.7028,37.3822,62.1,80,0,3.83,RU,2021-06-06 21:41:44
364,Vostok,46.4856,135.8833,55.89,70,79,3.22,RU,2021-06-06 21:41:44
365,Saldanha,-33.0117,17.9442,57.25,39,3,23.87,ZA,2021-06-06 21:41:45
366,Thaba-Tseka,-29.522,28.6084,33.48,68,0,3.0,LS,2021-06-06 21:41:45
367,Samarai,-10.6167,150.6667,78.66,87,100,15.9,PG,2021-06-06 21:41:46
368,Inhambane,-23.865,35.3833,67.17,73,79,10.94,MZ,2021-06-06 21:41:46
369,Tupanatinga,-8.7533,-37.3397,66.49,86,26,9.95,BR,2021-06-06 21:41:46
370,Boguchany,58.3814,97.4531,50.25,96,98,9.64,RU,2021-06-06 21:41:47
371,Provost,52.3501,-110.2683,68.45,34,53,13.0,CA,2021-06-06 21:41:47
372,Albesti,47.7,27.0667,63.01,89,30,4.92,RO,2021-06-06 21:41:47
373,Uturoa,-16.7333,-151.4333,80.73,75,56,10.89,PF,2021-06-06 21:41:48
374,Tiarei,-17.5333,-149.3333,84.22,75,79,11.27,PF,2021-06-06 21:41:48
375,Cayenne,4.9333,-52.3333,80.64,86,90,1.01,GF,2021-06-06 21:41:48
376,Shirgaon,19.7,72.7,83.97,71,21,6.71,IN,2021-06-06 21:41:49
377,Semporna,4.4818,118.6112,75.4,91,100,4.88,MY,2021-06-06 21:41:49
378,Kande,9.9578,1.0447,79.14,85,100,3.2,TG,2021-06-06 21:41:50
379,Baghdad,33.3406,44.4009,84.11,23,0,14.52,IQ,2021-06-06 21:41:50
380,Manta,-0.95,-80.7333,78.58,69,75,14.97,EC,2021-06-06 21:41:51
381,Nuevo Progreso,23.1667,-97.95,98.6,65,4,5.99,MX,2021-06-06 21:41:51
382,Klaksvik,62.2266,-6.589,50.92,98,100,15.05,FO,2021-06-06 21:41:52
383,Selma,36.5708,-119.6121,98.1,9,27,6.85,US,2021-06-06 21:41:52
384,Russell,32.3502,-85.1999,86.52,62,90,3.47,US,2021-06-06 21:41:52
385,Wanxian,30.8039,108.3897,74.39,70,100,2.71,CN,2021-06-06 21:41:53
386,Andenes,69.3143,16.1194,55.47,66,75,3.44,NO,2021-06-06 21:41:53
387,Chapleau,47.8405,-83.4034,89.69,37,40,17.27,CA,2021-06-06 21:41:53
388,San Vicente,-26.6167,-54.1333,59.22,97,100,2.8,AR,2021-06-06 21:41:54
389,Grand Falls,47.0461,-67.7418,78.46,71,43,4.36,CA,2021-06-06 21:41:54
390,Ucluelet,48.9329,-125.5528,53.04,90,100,12.62,CA,2021-06-06 21:37:42
391,Togur,58.3631,82.8265,54.41,96,97,8.43,RU,2021-06-06 21:41:54
392,Corrales,35.2378,-106.6067,98.38,13,1,1.01,US,2021-06-06 21:39:10
393,Dayong,25.0209,118.2898,74.88,73,100,1.97,CN,2021-06-06 21:41:55
394,Krasnoturinsk,59.7666,60.2086,52.07,80,42,3.76,RU,2021-06-06 21:41:55
395,Mayya,61.7333,130.2811,54.72,63,100,4.14,RU,2021-06-06 21:41:57
396,Kathu,7.9178,98.3332,87.62,68,100,16.04,TH,2021-06-06 21:41:58
397,Krasne,49.9145,24.6134,56.55,91,30,3.6,UA,2021-06-06 21:41:58
398,Acambay,19.9558,-99.8417,63.18,59,98,5.12,MX,2021-06-06 21:41:58
399,Eatonton,33.3268,-83.3885,90.61,60,96,8.32,US,2021-06-06 21:41:59
400,Grand Gaube,-20.0064,57.6608,75.6,84,13,3.0,MU,2021-06-06 21:41:59
401,Kantunilkin,21.0917,-87.45,89.44,47,45,9.28,MX,2021-06-06 21:42:00
402,Isiro,2.7739,27.616,66.96,97,99,1.45,CD,2021-06-06 21:42:00
403,Ossora,59.2353,163.0719,39.97,95,100,6.51,RU,2021-06-06 21:42:01
404,Moron,-34.6534,-58.6198,53.98,75,99,1.01,AR,2021-06-06 21:42:01
405,Pueblo Nuevo,23.3833,-105.3833,78.75,32,3,7.4,MX,2021-06-06 21:42:01
406,Bam,29.106,58.357,92.28,8,0,4.45,IR,2021-06-06 21:42:02
407,Reforma,18.1,-91.0167,100.26,31,21,14.63,MX,2021-06-06 21:42:02
408,Kruisfontein,-34.0033,24.7314,57.43,21,3,8.28,ZA,2021-06-06 21:42:02
409,Batemans Bay,-35.7167,150.1833,48.9,79,100,4.45,AU,2021-06-06 21:42:03
410,Caetite,-14.0694,-42.475,67.14,73,97,5.95,BR,2021-06-06 21:38:33
411,Maniitsoq,65.4167,-52.9,40.71,89,100,4.7,GL,2021-06-06 21:42:03
412,Camacha,33.0833,-16.3333,63.82,68,75,10.36,PT,2021-06-06 21:42:03
413,Joshimath,30.5667,79.5667,63.5,64,65,3.94,IN,2021-06-06 21:42:04
414,Sisimiut,66.9395,-53.6735,43.0,82,100,3.18,GL,2021-06-06 21:42:04
415,The Valley,18.217,-63.0578,82.26,78,40,14.97,AI,2021-06-06 21:40:40
416,Garissa,-0.4536,39.6401,75.61,71,9,19.42,KE,2021-06-06 21:42:05
417,Danilov,58.1908,40.1717,61.79,78,100,2.95,RU,2021-06-06 21:42:05
418,Kapit,2.0167,112.9333,72.66,99,100,1.3,MY,2021-06-06 21:42:05
419,Tahara,34.6667,137.2667,71.17,90,100,6.38,JP,2021-06-06 21:42:06
420,Avrille,47.5,-0.5833,64.69,73,100,3.89,FR,2021-06-06 21:42:06
421,Sao Tome,0.3365,6.7273,78.91,84,95,4.18,ST,2021-06-06 21:42:07
422,Opuwo,-18.0607,13.84,56.95,44,1,4.59,NA,2021-06-06 21:42:07
423,Ubala,4.7478,-72.5369,75.69,92,93,6.67,CO,2021-06-06 21:42:08
424,Usinsk,65.9939,57.5281,37.35,69,83,11.21,RU,2021-06-06 21:42:08
425,Mehriz,31.5917,54.4318,91.9,10,44,18.19,IR,2021-06-06 21:42:08
426,Ziro,27.6333,93.8333,56.86,99,96,0.22,IN,2021-06-06 21:42:10
427,Port-Gentil,-0.7193,8.7815,80.56,89,90,10.36,GA,2021-06-06 21:42:10
428,Easton,40.6884,-75.2207,92.86,49,75,6.93,US,2021-06-06 21:42:10
429,Tahe,52.3333,124.7333,59.79,52,70,3.6,CN,2021-06-06 21:42:11
430,Asosa,10.0667,34.5333,63.1,86,64,3.31,ET,2021-06-06 21:42:12
431,Ulladulla,-35.35,150.4667,53.87,77,100,5.66,AU,2021-06-06 21:42:12
432,Faanui,-16.4833,-151.75,81.03,76,77,11.07,PF,2021-06-06 21:42:12
433,Atlantic City,39.3643,-74.4229,93.25,57,1,12.39,US,2021-06-06 21:41:26
434,Sokolo,14.7328,-6.1219,94.75,27,22,12.68,ML,2021-06-06 21:42:13
435,Evensk,61.95,159.2333,43.03,83,100,5.61,RU,2021-06-06 21:42:13
436,Concepcion,-36.827,-73.0498,57.0,47,0,2.3,CL,2021-06-06 21:42:14
437,Sitka,57.0531,-135.33,53.49,71,90,5.75,US,2021-06-06 21:42:14
438,Bonfim,3.0833,-59.95,89.55,80,64,6.06,BR,2021-06-06 21:42:14
439,Wasilla,61.5814,-149.4394,71.65,49,1,4.61,US,2021-06-06 21:42:15
440,Zhezkazgan,47.8043,67.7144,61.27,28,81,9.64,KZ,2021-06-06 21:42:15
441,Nouadhibou,20.931,-17.0347,67.98,77,93,24.16,MR,2021-06-06 21:42:15
442,Xai-Xai,-25.0519,33.6442,63.73,80,30,8.41,MZ,2021-06-06 21:42:16
443,Vesyegonsk,58.664,37.2604,56.93,68,4,1.66,RU,2021-06-06 21:42:17
444,Selje,62.0459,5.351,55.26,93,9,4.07,NO,2021-06-06 21:42:17
445,Surt,31.2089,16.5887,74.01,46,39,12.12,LY,2021-06-06 21:42:18
446,Padang,-0.9492,100.3543,75.56,79,79,3.87,ID,2021-06-06 21:42:18
447,Port Pirie,-33.1833,138.0167,55.49,62,7,21.81,AU,2021-06-06 21:42:18
448,Vilyuysk,63.7553,121.6247,50.18,85,100,7.29,RU,2021-06-06 21:42:19
449,Hecun,36.5333,114.1111,76.66,26,100,1.79,CN,2021-06-06 21:42:19
450,Carpinteria,34.3989,-119.5185,81.37,66,11,8.99,US,2021-06-06 21:42:19
451,Daru,-9.0763,143.2092,77.36,88,98,17.25,PG,2021-06-06 21:42:20
452,Bystryy Istok,52.371,84.3873,49.8,88,6,4.34,RU,2021-06-06 21:42:20
453,Honiara,-9.4333,159.95,81.82,80,9,6.26,SB,2021-06-06 21:42:20
454,Najran,17.4924,44.1277,83.05,19,8,5.12,SA,2021-06-06 21:42:21
455,Pasni,25.2631,63.471,82.74,77,41,3.53,PK,2021-06-06 21:42:21
456,Odweyne,9.4092,45.064,75.22,54,0,12.84,SO,2021-06-06 21:42:21
457,Iberia,29.9502,-91.7507,84.96,79,40,12.84,US,2021-06-06 21:42:22
458,Lewiston,44.1003,-70.2148,90.32,51,1,10.36,US,2021-06-06 21:42:22
459,Greenville,35.6127,-77.3663,90.01,64,1,8.05,US,2021-06-06 21:39:06
460,Eirunepe,-6.6603,-69.8736,78.4,88,76,2.24,BR,2021-06-06 21:42:23
461,Sorland,67.667,12.6934,62.67,82,99,5.57,NO,2021-06-06 21:42:23
462,Merauke,-8.4667,140.3333,76.28,90,99,15.17,ID,2021-06-06 21:42:24
463,Baiao,-2.7906,-49.6717,79.59,69,92,1.12,BR,2021-06-06 21:42:24
464,Tokur,53.1333,132.9,55.9,61,97,3.74,RU,2021-06-06 21:42:24
465,Maun,-19.9833,23.4167,57.16,54,0,5.75,BW,2021-06-06 21:42:25
466,Magdagachi,53.45,125.8,63.57,42,99,2.15,RU,2021-06-06 21:42:25
467,Dzhebariki-Khaya,62.2167,135.8,62.15,63,100,3.91,RU,2021-06-06 21:42:25
468,Krasnoselkup,65.7,82.4667,32.77,80,41,7.02,RU,2021-06-06 21:42:26
469,Iwaki,37.05,140.8833,67.77,90,100,1.14,JP,2021-06-06 21:42:26
470,Arbazh,57.6804,48.3065,55.2,79,4,2.06,RU,2021-06-06 21:42:27
471,Buraydah,26.326,43.975,95.45,11,5,11.61,SA,2021-06-06 21:42:27
472,Paamiut,61.994,-49.6678,38.21,98,100,1.5,GL,2021-06-06 21:42:27
473,Tura,25.5198,90.2201,71.69,98,80,7.45,IN,2021-06-06 21:42:28
474,Rio Grande,-32.035,-52.0986,53.71,69,100,11.34,BR,2021-06-06 21:42:28
475,Serenje,-13.2325,30.2352,49.89,83,27,9.26,ZM,2021-06-06 21:42:28
476,Moree,-29.4667,149.85,41.02,75,3,9.22,AU,2021-06-06 21:42:29
477,Lorengau,-2.0226,147.2712,81.77,74,92,5.61,PG,2021-06-06 21:42:29
478,Kilindoni,-7.9139,39.6668,79.65,69,6,19.84,TZ,2021-06-06 21:42:29
479,Lasa,46.6166,10.7002,61.68,94,100,3.31,IT,2021-06-06 21:42:30
480,Okhotsk,59.3833,143.3,43.52,85,100,1.48,RU,2021-06-06 21:42:30
481,Qui Nhon,13.7667,109.2333,80.67,76,100,6.15,VN,2021-06-06 21:42:30
482,Fort Nelson,58.8053,-122.7002,56.79,67,75,2.3,CA,2021-06-06 21:41:11
483,Rusape,-18.5278,32.1284,42.94,93,79,4.0,ZW,2021-06-06 21:42:31
484,Inta,66.0317,60.1659,38.43,63,95,7.11,RU,2021-06-06 21:42:31
485,Kawalu,-7.3817,108.2082,71.37,98,87,1.1,ID,2021-06-06 21:42:32
486,Srikakulam,18.3,83.9,85.23,75,95,12.39,IN,2021-06-06 21:42:32
487,Eidfjord,60.4675,7.0719,63.59,82,2,3.96,NO,2021-06-06 21:42:32
488,Tiznit,29.5833,-9.5,69.76,62,100,1.83,MA,2021-06-06 21:42:33
489,Astana,51.1801,71.446,44.55,81,0,7.07,KZ,2021-06-06 21:40:36
490,Talnakh,69.4865,88.3972,31.42,98,100,4.41,RU,2021-06-06 21:42:34
491,Tosya,41.0155,34.0401,50.97,77,3,1.77,TR,2021-06-06 21:42:34
492,Half Moon Bay,37.4636,-122.4286,84.81,57,1,12.66,US,2021-06-06 21:38:03
493,Ostersund,63.1792,14.6357,56.61,100,20,12.66,SE,2021-06-06 21:42:35
494,Havelock,34.8791,-76.9013,86.23,81,20,8.01,US,2021-06-06 21:42:35
495,Kamenka,51.3223,42.7678,54.45,93,55,6.93,RU,2021-06-06 21:42:36
496,Nileshwar,12.25,75.1,79.72,81,100,1.48,IN,2021-06-06 21:42:37
497,Muros,42.7762,-9.0603,61.3,78,53,10.31,ES,2021-06-06 21:42:37
498,Okakarara,-20.5833,17.4333,47.41,50,0,8.23,NA,2021-06-06 21:42:37
499,Oranjemund,-28.55,16.4333,66.83,33,0,7.92,NA,2021-06-06 21:42:38
500,Mundo Nuevo,18.7,-95.5,88.45,65,61,14.76,MX,2021-06-06 21:42:38
501,Koumac,-20.5667,164.2833,72.54,56,85,11.9,NC,2021-06-06 21:42:38
502,Turukhansk,65.8167,87.9833,32.54,88,84,5.99,RU,2021-06-06 21:42:39
503,Siderno,38.2779,16.302,75.79,60,83,6.44,IT,2021-06-06 21:42:39
504,Asau,46.4333,26.4,56.32,85,4,4.63,RO,2021-06-06 21:42:39
505,Rio Gallegos,-51.6226,-69.2181,41.05,70,0,10.36,AR,2021-06-06 21:42:40
506,Anadyr,64.75,177.4833,43.3,65,75,11.01,RU,2021-06-06 21:42:40
507,Khandyga,62.6667,135.6,57.63,56,100,4.52,RU,2021-06-06 21:42:40
508,Yerbogachen,61.2767,108.0108,41.25,59,2,10.89,RU,2021-06-06 21:42:41
509,Batesville,35.7698,-91.641,81.01,75,75,5.01,US,2021-06-06 21:42:41
510,Los Llanos De Aridane,28.6585,-17.9182,64.15,90,75,12.53,ES,2021-06-06 21:42:41
511,Sioux Lookout,50.1001,-91.917,82.47,57,75,12.66,CA,2021-06-06 21:42:42
512,Neiafu,-18.65,-173.9833,81.28,69,20,8.05,TO,2021-06-06 21:42:42
513,Mokhsogollokh,61.4681,128.9203,56.19,68,100,2.44,RU,2021-06-06 21:42:42
514,Khash,28.2211,61.2158,79.65,44,0,3.78,IR,2021-06-06 21:42:43
515,Benghazi,32.1167,20.0667,72.18,63,1,9.22,LY,2021-06-06 21:42:43
516,Ilheus,-14.7889,-39.0494,76.82,88,40,4.61,BR,2021-06-06 21:42:44
517,Kommunar,59.6206,30.39,61.03,78,84,4.88,RU,2021-06-06 21:42:44
518,Cap Malheureux,-19.9842,57.6142,75.69,84,10,3.0,MU,2021-06-06 21:42:45
519,Iranshahr,27.2025,60.6848,97.14,38,0,0.0,IR,2021-06-06 21:42:45
520,Mujiayingzi,42.1167,118.7833,64.15,48,86,4.94,CN,2021-06-06 21:42:45
521,Saint-Joseph,-21.3667,55.6167,71.98,87,66,11.59,RE,2021-06-06 21:42:46
522,Aktas,49.7789,72.9608,38.95,48,32,8.86,KZ,2021-06-06 21:42:46
523,Nhulunbuy,-12.2333,136.7667,77.61,78,40,6.91,AU,2021-06-06 21:42:46
524,Kharovsk,59.9642,40.1912,61.59,69,66,3.29,RU,2021-06-06 21:42:47
525,Hambantota,6.1241,81.1185,77.34,100,0,14.67,LK,2021-06-06 21:42:47
526,Kitimat,54.0524,-128.6534,57.9,71,100,1.01,CA,2021-06-06 21:42:48
527,Moose Factory,51.2585,-80.6094,71.58,68,40,12.66,CA,2021-06-06 21:42:48
528,Ilinskiy,55.619,38.1182,62.53,88,0,4.47,RU,2021-06-06 21:42:48
529,Perbaungan,3.5679,98.956,77.11,88,65,3.85,ID,2021-06-06 21:42:49
530,Pyay,18.8167,95.2167,81.45,75,100,3.71,MM,2021-06-06 21:42:49
531,Bogatyye Saby,56.0102,50.4483,56.37,86,15,2.64,RU,2021-06-06 21:42:50
532,Labuhan,-6.8844,112.2051,77.27,87,16,5.73,ID,2021-06-06 21:42:50
533,Chumikan,54.7183,135.315,39.43,87,97,2.84,RU,2021-06-06 21:42:51
534,Shimoda,34.6667,138.95,70.16,85,93,7.25,JP,2021-06-06 21:42:51
535,Umm Lajj,25.0213,37.2685,82.78,51,0,11.63,SA,2021-06-06 21:42:51
536,Hay River,60.8156,-115.7999,48.18,61,75,13.8,CA,2021-06-06 21:42:52
537,Ifanadiana,-21.3,47.6333,59.77,89,87,1.7,MG,2021-06-06 21:42:52
538,Vicosa Do Ceara,-3.5622,-41.0922,71.85,71,69,1.95,BR,2021-06-06 21:42:52
539,Tuy Hoa,13.0833,109.3,80.24,78,100,9.04,VN,2021-06-06 21:42:53
540,Kayerkan,69.3497,87.7602,30.38,98,100,6.49,RU,2021-06-06 21:42:53
541,Malia,35.2833,25.4667,68.11,50,1,4.56,GR,2021-06-06 21:42:54
542,Pervoye Maya,56.164,44.7196,61.34,93,98,2.39,RU,2021-06-06 21:42:54
543,Kahului,20.8947,-156.47,84.22,68,20,21.85,US,2021-06-06 21:42:54
544,Harindanga,22.0383,88.3214,80.58,80,100,16.73,IN,2021-06-06 21:42:55
545,Fairfield,41.2668,-73.3162,95.18,51,1,7.18,US,2021-06-06 21:41:01
546,Ambulu,-8.345,113.6058,75.51,91,67,2.13,ID,2021-06-06 21:42:55
547,Matara,5.9485,80.5353,78.39,89,95,9.89,LK,2021-06-06 21:42:56
548,Constitucion,-35.3333,-72.4167,52.45,71,100,8.79,CL,2021-06-06 21:42:57
549,Lar,26.2039,83.9717,90.27,43,41,6.93,IN,2021-06-06 21:42:57
550,Qaqortoq,60.7167,-46.0333,57.7,76,100,4.45,GL,2021-06-06 21:42:58
551,Ascension,30.2169,-90.9001,81.0,90,90,6.91,US,2021-06-06 21:42:58
552,Hibbing,47.4272,-92.9377,87.85,40,1,14.97,US,2021-06-06 21:42:59
553,San Ignacio,17.1561,-89.0714,91.54,62,40,10.67,BZ,2021-06-06 21:42:59
554,Tobolsk,58.2,68.2667,56.12,75,82,5.75,RU,2021-06-06 21:42:59
555,Wodonga,-36.1167,146.8833,48.11,98,75,0.0,AU,2021-06-06 21:43:00
556,Neftcala,39.3742,49.2472,67.35,74,1,6.26,AZ,2021-06-06 21:43:00
557,Anopino,55.6981,40.6671,54.91,96,81,4.18,RU,2021-06-06 21:43:00
558,Choszczno,53.169,15.4205,65.43,77,31,4.56,PL,2021-06-06 21:43:01
559,Bundaberg,-24.85,152.35,62.22,73,6,3.0,AU,2021-06-06 21:43:01
560,Methven,-43.6333,171.65,45.01,97,100,2.51,NZ,2021-06-06 21:43:02
561,Ryotsu,38.0833,138.4333,66.16,75,100,3.62,JP,2021-06-06 21:43:02
562,Bongandanga,1.5,21.05,69.6,99,99,2.51,CD,2021-06-06 21:43:02
563,Mecca,21.4267,39.8261,86.34,53,25,3.4,SA,2021-06-06 21:43:03
564,Suntar,62.1444,117.6319,51.37,57,90,12.68,RU,2021-06-06 21:43:03
565,Srivardhan,18.0333,73.0167,82.6,74,29,5.48,IN,2021-06-06 21:43:03
566,Matagami,49.7502,-77.6328,82.51,42,1,9.46,CA,2021-06-06 21:43:04
567,Jizan,17.3333,42.6667,88.74,62,0,2.46,SA,2021-06-06 21:43:04
568,Sivas,39.7916,37.0019,43.43,75,0,5.75,TR,2021-06-06 21:43:04
569,Ternate,0.8,127.4,80.53,77,98,1.12,ID,2021-06-06 21:43:05
570,Abonnema,4.7084,6.7931,73.42,93,99,2.01,NG,2021-06-06 21:43:05
571,Moshkovo,55.3053,83.6104,55.92,90,30,8.93,RU,2021-06-06 21:43:06
572,Bac Lieu,9.285,105.7244,83.1,74,100,12.93,VN,2021-06-06 21:43:06
573,Bilibino,68.0546,166.4372,65.35,43,6,5.82,RU,2021-06-06 21:43:07
574,Gasa,31.5,34.4667,71.58,68,0,4.09,PS,2021-06-06 21:43:07
575,Clyde River,70.4692,-68.5914,35.83,93,90,9.22,CA,2021-06-06 21:43:07
576,Kangaatsiaq,68.3065,-53.4641,37.18,90,52,10.6,GL,2021-06-06 21:43:08
577,Lubango,-14.9172,13.4925,54.43,48,35,3.8,AO,2021-06-06 21:43:08
578,Kourou,5.1552,-52.6478,80.65,91,97,4.54,GF,2021-06-06 21:43:09
579,Mayor Pablo Lagerenza,-19.9309,-60.7718,71.62,72,30,4.36,PY,2021-06-06 21:43:09
580,Olafsvik,64.8945,-23.7142,47.32,87,100,4.38,IS,2021-06-06 21:43:10
581,Stromness,58.965,-3.296,52.05,77,94,2.37,GB,2021-06-06 21:43:10
582,Kieta,-6.2167,155.6333,81.21,82,97,4.59,PG,2021-06-06 21:43:10
583,Khakhea,-24.6895,23.494,48.18,52,0,10.36,BW,2021-06-06 21:43:11
584,Shagamu,6.8432,3.6478,80.38,89,95,3.15,NG,2021-06-06 21:43:11
585,Charleville-Mezieres,49.7667,4.7167,59.94,82,42,4.72,FR,2021-06-06 21:39:12
586,Parabel,58.6978,81.4825,52.72,91,99,10.74,RU,2021-06-06 21:43:12
587,Mao,39.8885,4.2658,63.16,82,0,0.0,ES,2021-06-06 21:43:13
588,Simbahan,6.3032,120.5836,82.04,76,100,4.21,PH,2021-06-06 21:43:13
589,Mercedes,-34.6515,-59.4307,54.18,64,99,6.8,AR,2021-06-06 21:39:55
590,Gouyave,12.1646,-61.7296,83.17,74,20,17.2,GD,2021-06-06 21:43:14
591,Shingu,33.7333,135.9833,69.06,82,100,3.76,JP,2021-06-06 21:43:15
592,Maiduguri,11.8464,13.1603,90.34,38,61,7.29,NG,2021-06-06 21:43:15
593,Tucurui,-3.7661,-49.6725,80.98,65,78,3.31,BR,2021-06-06 21:43:16
594,Ciudad Bolivar,8.1222,-63.5497,84.43,63,86,9.19,VE,2021-06-06 21:43:17
595,Newport,51.5877,-2.9984,60.06,89,7,4.76,GB,2021-06-06 21:43:17
596,Kati,12.7441,-8.0726,76.41,35,3,0.81,ML,2021-06-06 21:43:17
597,Mwinilunga,-11.7358,24.4293,57.47,63,71,5.95,ZM,2021-06-06 21:43:18
598,Dedza,-14.3779,34.3332,44.87,94,24,3.76,MW,2021-06-06 21:43:18
599,Kapasan,-6.7773,111.3789,75.34,89,57,4.59,ID,2021-06-06 21:43:18
600,Birao,10.2849,22.7882,78.78,63,43,3.53,CF,2021-06-06 21:43:19
601,Broome,42.2506,-75.833,88.66,45,20,1.99,US,2021-06-06 21:43:19
602,Brekstad,63.687,9.6654,59.05,94,75,11.5,NO,2021-06-06 21:43:19
603,Vila Velha,-20.3297,-40.2925,75.15,85,0,1.99,BR,2021-06-06 21:39:56
604,Izhma,65.0083,53.9113,38.75,63,11,7.92,RU,2021-06-06 21:43:20
605,Roebourne,-20.7833,117.1333,74.12,58,69,8.5,AU,2021-06-06 21:43:20
606,Mackay,-21.15,149.2,65.05,77,75,4.61,AU,2021-06-06 21:43:21
607,Atar,20.5169,-13.0499,96.76,15,9,21.32,MR,2021-06-06 21:43:21
608,Batagay,67.6333,134.6333,52.16,43,81,6.8,RU,2021-06-06 21:43:21
609,Trincomalee,8.5711,81.2335,81.19,78,100,17.69,LK,2021-06-06 21:43:22
610,Urumqi,43.801,87.6005,58.15,55,0,3.29,CN,2021-06-06 21:43:22
611,Vanavara,60.34,102.2797,39.78,62,64,3.87,RU,2021-06-06 21:43:23
612,Huadian,42.9633,126.7478,54.91,93,30,2.1,CN,2021-06-06 21:43:23
613,Coquimbo,-29.9533,-71.3436,55.13,87,90,5.7,CL,2021-06-06 21:43:23
614,Villazon,-22.0866,-65.5942,48.52,10,0,10.78,BO,2021-06-06 21:43:24
615,Lagoa,39.05,-27.9833,63.88,89,100,12.59,PT,2021-06-06 21:43:24
616,Selenduma,50.9131,106.2406,48.25,76,100,7.65,RU,2021-06-06 21:43:25
617,Ochamchira,42.7121,41.4721,57.83,89,94,3.71,GE,2021-06-06 21:43:25
618,Matamoros,25.5333,-103.25,97.11,12,0,10.51,MX,2021-06-06 21:43:25
619,Zaozerne,45.1582,33.2787,59.95,82,86,8.3,UA,2021-06-06 21:43:26
620,Awjilah,29.1081,21.2869,75.65,30,0,10.02,LY,2021-06-06 21:43:26
621,Rabat,33.9911,-6.8401,69.87,82,43,3.67,MA,2021-06-06 21:41:30
622,San Patricio,28.017,-97.5169,93.06,69,9,16.44,US,2021-06-06 21:43:27
623,Soloneshnoye,51.6544,84.3197,46.22,82,4,5.21,RU,2021-06-06 21:43:27
624,Gorontalo,0.5412,123.0595,74.14,95,100,2.62,ID,2021-06-06 21:43:27
625,Huanren,41.2647,125.3667,57.31,93,0,0.81,CN,2021-06-06 21:43:28
626,Amalapuram,16.5833,82.0167,82.29,81,13,3.49,IN,2021-06-06 21:43:28
627,Moindou,-21.6924,165.677,69.75,57,95,9.28,NC,2021-06-06 21:43:29
628,Kununurra,-15.7667,128.7333,55.38,71,25,3.44,AU,2021-06-06 21:43:29
629,Volovo,48.5246,23.5056,51.73,94,19,4.41,UA,2021-06-06 21:43:29
630,Mandalgovi,45.7625,106.2708,44.62,78,5,20.42,MN,2021-06-06 21:43:30
631,Sao Geraldo Do Araguaia,-6.4006,-48.555,80.13,68,92,2.86,BR,2021-06-06 21:43:30
632,Camopi,3.1655,-52.3158,73.44,97,89,3.8,GF,2021-06-06 21:43:30
633,Howard Springs,-12.497,131.047,69.71,77,33,5.61,AU,2021-06-06 21:43:31
634,Tungor,53.3808,142.9564,36.63,97,100,14.41,RU,2021-06-06 21:43:31
635,De-Kastri,51.4667,140.7833,46.51,79,97,8.61,RU,2021-06-06 21:43:32
636,Saint-Pierre,-21.3393,55.4781,73.08,88,75,25.32,RE,2021-06-06 21:43:32
637,Diamantino,-14.4086,-56.4461,79.65,47,74,4.18,BR,2021-06-06 21:43:32
638,Ballina,-28.8667,153.5667,49.95,96,13,0.0,AU,2021-06-06 21:43:33
639,Wucheng,29.6008,118.175,67.95,78,97,2.86,CN,2021-06-06 21:43:33
640,Cantagallo,7.376,-73.9196,84.54,78,90,2.51,CO,2021-06-06 21:43:34
641,Baripada,21.935,86.7214,85.93,57,100,6.89,IN,2021-06-06 21:43:34
642,Tomatlan,19.9333,-105.25,91.8,44,43,11.39,MX,2021-06-06 21:43:34
643,Nacala,-14.5428,40.6728,67.03,89,34,9.93,MZ,2021-06-06 21:43:35
644,Jishou,28.3167,109.7167,71.56,87,82,0.94,CN,2021-06-06 21:43:36
645,Pacifica,37.6138,-122.4869,85.62,63,20,7.0,US,2021-06-06 21:43:36
646,Tanete,-3.9443,119.7848,73.17,80,57,3.2,ID,2021-06-06 21:43:37
647,Dukat,62.55,155.55,44.58,78,90,7.49,RU,2021-06-06 21:43:38
648,Sault Sainte Marie,46.5168,-84.3333,88.09,37,1,18.41,CA,2021-06-06 21:41:08
649,Tarko-Sale,64.9225,77.785,32.0,87,31,10.2,RU,2021-06-06 21:43:39
650,Barentu,15.1139,37.5928,87.13,20,66,2.04,ER,2021-06-06 21:43:39
651,Kaeo,-35.1,173.7833,60.33,96,100,13.85,NZ,2021-06-06 21:43:40
652,Shelburne,44.0787,-80.2041,88.29,69,11,9.98,CA,2021-06-06 21:43:40
653,Zambezi,-13.5432,23.1047,55.42,58,43,6.08,ZM,2021-06-06 21:43:41
654,Whitehorse,60.7161,-135.0538,49.01,93,75,10.0,CA,2021-06-06 21:39:59
655,Ampanihy,-24.7,44.75,60.1,76,0,13.96,MG,2021-06-06 21:43:41
656,Axim,4.8699,-2.2405,79.29,81,11,9.37,GH,2021-06-06 21:43:41
657,Jacmel,18.2342,-72.5347,87.64,72,51,8.32,HT,2021-06-06 21:43:43
658,Guatire,10.4762,-66.5427,77.5,97,100,2.95,VE,2021-06-06 21:43:43
659,Praia,14.9215,-23.5087,73.94,78,75,18.41,CV,2021-06-06 21:43:43
660,Chapadinha,-3.7417,-43.3603,79.32,64,91,0.92,BR,2021-06-06 21:43:44
661,Nabire,-3.3667,135.4833,76.01,91,83,2.91,ID,2021-06-06 21:43:44
662,Husavik,66.0449,-17.3389,53.51,71,77,5.3,IS,2021-06-06 21:43:45
663,Antalaha,-14.9003,50.2788,70.52,88,13,8.37,MG,2021-06-06 21:43:45
664,Praia Da Vitoria,38.7333,-27.0667,66.76,88,40,4.74,PT,2021-06-06 21:43:46
665,Nueva Concepcion,14.2,-91.3,90.84,66,67,7.61,GT,2021-06-06 21:43:46
666,Ulaangom,49.9811,92.0667,46.11,66,40,2.64,MN,2021-06-06 21:43:47
667,Ostrovnoy,68.0531,39.5131,38.34,93,7,6.35,RU,2021-06-06 21:43:43
668,Jabinyanah,35.035,10.9081,75.0,79,12,22.39,TN,2021-06-06 21:43:47
669,Sterling,39.0062,-77.4286,93.97,46,75,7.0,US,2021-06-06 21:41:30
670,Pontes E Lacerda,-15.2261,-59.3353,84.34,40,64,0.38,BR,2021-06-06 21:43:48
671,Sistranda,63.7256,8.834,53.91,94,63,13.85,NO,2021-06-06 21:43:48
672,Salamanca,40.8333,-6.0,64.18,46,18,3.0,ES,2021-06-06 21:43:50
673,Providencia,28.7167,-111.5833,103.48,21,11,10.0,MX,2021-06-06 21:43:50
674,Sasykoli,47.5515,46.9968,67.91,54,99,5.97,RU,2021-06-06 21:43:51
675,Iturama,-19.7281,-50.1956,74.62,34,19,3.29,BR,2021-06-06 21:43:52
676,Bonthe,7.5264,-12.505,80.08,87,99,6.62,SL,2021-06-06 21:43:52
677,Luganville,-15.5333,167.1667,77.4,83,100,11.36,VU,2021-06-06 21:43:52
678,Aki,33.5,133.9,66.15,70,100,3.53,JP,2021-06-06 21:43:54
679,San Jose Pinula,14.5461,-90.4114,79.32,59,40,5.99,GT,2021-06-06 21:43:54
680,Bethanien,-26.502,17.1583,55.92,35,0,15.23,NA,2021-06-06 21:43:54
681,Holme,56.1138,10.1725,62.17,84,98,6.22,DK,2021-06-06 21:43:55
682,Hato Mayor,18.7629,-69.256,85.51,68,42,12.39,DO,2021-06-06 21:43:55
683,Beloha,-25.1667,45.05,61.3,79,20,12.19,MG,2021-06-06 21:43:56
684,Manjacaze,-24.7117,33.8828,60.15,89,61,5.03,MZ,2021-06-06 21:43:56
685,Pimentel,-6.8367,-79.9342,70.09,83,90,3.0,PE,2021-06-06 21:43:56
686,Boulder,40.0833,-105.3505,80.11,27,1,5.7,US,2021-06-06 21:40:10
687,Julio De Castilhos,-29.2269,-53.6817,52.18,96,100,13.6,BR,2021-06-06 21:43:57
688,Huainan,32.6264,116.9969,77.0,56,99,8.97,CN,2021-06-06 21:43:57
689,Kaniama,-7.5667,24.1833,68.61,61,18,3.56,CD,2021-06-06 21:43:58
690,Bonoua,5.2741,-3.595,80.22,84,25,8.03,CI,2021-06-06 21:43:58
691,Halifax,44.6453,-63.5724,77.41,70,88,4.61,CA,2021-06-06 21:43:06
692,Zeya,53.75,127.2667,65.39,47,45,1.72,RU,2021-06-06 21:43:58
693,Xining,36.6167,101.7667,48.0,85,92,2.33,CN,2021-06-06 21:43:59
694,Santa Lucia,27.9117,-15.5407,60.76,73,40,12.41,ES,2021-06-06 21:44:00
695,Sao Filipe,14.8961,-24.4956,75.36,70,22,10.29,CV,2021-06-06 21:44:00
696,Morondava,-20.2833,44.2833,73.53,56,36,14.36,MG,2021-06-06 21:44:00
697,Omboue,-1.5746,9.2618,76.17,94,84,4.83,GA,2021-06-06 21:44:01
698,Codrington,-38.2667,141.9667,56.16,63,100,21.32,AU,2021-06-06 21:44:01
